id,data,fonte,sku,prodotto,categoria,rating,testo,tema_reale
REC-1000,2026-04-09,sito,SKU-107,Kit plug progressivo,anale,1,il corriere ha segnato consegnato ma non ho ricevuto nulla. Ho scritto e sto ancora aspettando.,logistica_consegna
REC-1001,2026-08-31,sito,SKU-101,Succhia-clitoride Aurora,succhia-clitoride,1,Ho dovuto raccontare tutto da capo a tre persone diverse.,assistenza
REC-1002,2026-08-22,sito,SKU-110,Lubrificante base acqua Fresh 100ml,lubrificanti,3,Il Lubrificante base acqua Fresh 100ml ha smesso di vibrare dopo pochi utilizzi.,difetto_prodotto
REC-1003,2026-06-13,sito,SKU-110,Lubrificante base acqua Fresh 100ml,lubrificanti,2,"Salve, dove si conserva il Lubrificante base acqua Fresh 100ml? Va bene lasciarlo nella custodia insieme ad altri?",uso_prodotto
REC-1004,2026-08-23,sito,SKU-109,Palline vaginali Kegel Set,palline,5,Il Palline vaginali Kegel Set vale ogni euro speso. Comprerò ancora da voi.,feedback_positivo
REC-1005,2026-08-29,sito,SKU-106,Masturbatore Echo,per-lui,5,"Ottimo acquisto, il Masturbatore Echo è silenzioso e ben rifinito. Consigliatissimo.",feedback_positivo
REC-1006,2026-07-04,trustpilot,SKU-104,Vibratore per coppie Duo App,coppie-app,2,La cinghia del Vibratore per coppie Duo App si è strappata la seconda volta che l'ho usato.,difetto_prodotto
REC-1007,2026-07-22,sito,SKU-112,Body in pizzo Luce,lingerie,5,"Ciao, il Body in pizzo Luce vale ogni euro speso. Comprerò ancora da voi.",feedback_positivo
REC-1008,2026-09-04,sito,SKU-110,Lubrificante base acqua Fresh 100ml,lubrificanti,4,però sull'estratto conto compare un nome che si capisce benissimo cosa sia. Sul sito dite il contrario.,imballo_privacy
REC-1009,2026-09-12,sito,SKU-104,Vibratore per coppie Duo App,coppie-app,5,"Materiale piacevole, ricarica veloce, tutto come promesso.",feedback_positivo
REC-1010,2026-05-18,sito,SKU-110,Lubrificante base acqua Fresh 100ml,lubrificanti,1,"Consegna prevista in 48 ore, ne sono passate 96. Il prodotto mi serviva per un regalo.",logistica_consegna
REC-1011,2026-04-05,trustpilot,SKU-106,Masturbatore Echo,per-lui,4,"Buonasera, come faccio a capire se il Masturbatore Echo è completamente carico? La spia lampeggia e basta.",uso_prodotto
REC-1012,2026-04-04,sito,SKU-104,Vibratore per coppie Duo App,coppie-app,3,la cinghia del Vibratore per coppie Duo App si è strappata la seconda volta che l'ho usato.,difetto_prodotto
REC-1013,2026-07-11,sito,SKU-104,Vibratore per coppie Duo App,coppie-app,5,"Salve, il Vibratore per coppie Duo App è esattamente come lo descrivete, qualità ottima e spedizione velocissima.",feedback_positivo
REC-1014,2026-05-05,trustpilot,SKU-104,Vibratore per coppie Duo App,coppie-app,5,"Salve, materiale piacevole, ricarica veloce, tutto come promesso.",feedback_positivo
REC-1015,2026-06-17,sito,SKU-111,Kit bondage Soft Start,bdsm,1,"Chiedo da tre settimane lo stato del rimborso, ricevo solo risposte generiche.",reso_rimborso
REC-1016,2026-05-21,sito,SKU-101,Succhia-clitoride Aurora,succhia-clitoride,5,"Ottimo acquisto, il Succhia-clitoride Aurora è silenzioso e ben rifinito. Consigliatissimo.",feedback_positivo
REC-1017,2026-06-20,sito,SKU-109,Palline vaginali Kegel Set,palline,5,Finalmente un negozio italiano serio su questo tema. Il Palline vaginali Kegel Set è di qualità alta.,feedback_positivo
REC-1018,2026-04-01,sito,SKU-108,Dildo in silicone Onda,dildo,2,"Ho chiesto il reso del Dildo in silicone Onda venti giorni fa, il rimborso non è ancora arrivato.",reso_rimborso
REC-1019,2026-06-12,trustpilot,SKU-111,Kit bondage Soft Start,bdsm,2,"Buongiorno, ordine diviso in due spedizioni senza avvisarmi, ho ricevuto solo metà di quello che ho pagato.",logistica_consegna
REC-1020,2026-09-09,sito,SKU-110,Lubrificante base acqua Fresh 100ml,lubrificanti,5,"comprato per curiosità, tornata per la seconda volta. Il Lubrificante base acqua Fresh 100ml è ottimo.",feedback_positivo
REC-1021,2026-09-04,sito,SKU-101,Succhia-clitoride Aurora,succhia-clitoride,2,Dove si conserva il Succhia-clitoride Aurora? Va bene lasciarlo nella custodia insieme ad altri?,uso_prodotto
REC-1022,2026-06-21,sito,SKU-110,Lubrificante base acqua Fresh 100ml,lubrificanti,2,"Chiedo da tre settimane lo stato del rimborso, ricevo solo risposte generiche.",reso_rimborso
REC-1023,2026-05-22,sito,SKU-108,Dildo in silicone Onda,dildo,5,"Salve, il video corso è ottimo ma la piattaforma è scomoda da usare da telefono.",corsi_contenuti
REC-1024,2026-08-12,sito,SKU-112,Body in pizzo Luce,lingerie,5,Il pacco era anonimo ma la bolla del corriere riportava la descrizione della merce.,imballo_privacy
REC-1025,2026-05-10,trustpilot,SKU-101,Succhia-clitoride Aurora,succhia-clitoride,2,"Buonasera, il Succhia-clitoride Aurora risulta consegnato al vicino ma nessuno mi ha avvisato, l'ho scoperto per caso.",logistica_consegna
REC-1026,2026-05-09,sito,SKU-101,Succhia-clitoride Aurora,succhia-clitoride,3,"Dopo tre settimane il Succhia-clitoride Aurora non si accende più, la base magnetica non aggancia bene.",difetto_batteria
REC-1027,2026-06-12,sito,SKU-104,Vibratore per coppie Duo App,coppie-app,5,"Ottimo acquisto, il Vibratore per coppie Duo App è silenzioso e ben rifinito. Consigliatissimo.",feedback_positivo
REC-1028,2026-07-13,sito,SKU-101,Succhia-clitoride Aurora,succhia-clitoride,2,Ordinato il 13/07 e dopo dieci giorni il pacco non è ancora arrivato. Il tracking è fermo da una settimana.,logistica_consegna
REC-1029,2026-09-02,sito,SKU-106,Masturbatore Echo,per-lui,2,"Salve, consegna prevista in 48 ore, ne sono passate 96. Il prodotto mi serviva per un regalo.",logistica_consegna
REC-1030,2026-04-08,sito,SKU-108,Dildo in silicone Onda,dildo,5,"Buonasera, il Dildo in silicone Onda è esattamente come lo descrivete, qualità ottima e spedizione velocissima.",feedback_positivo
REC-1031,2026-08-08,sito,SKU-108,Dildo in silicone Onda,dildo,1,Ho dovuto raccontare tutto da capo a tre persone diverse.,assistenza
REC-1032,2026-06-12,sito,SKU-108,Dildo in silicone Onda,dildo,2,Sulla scheda del Dildo in silicone Onda non è chiaro cosa sia incluso nella confezione.,informazione_scheda
REC-1033,2026-08-15,sito,SKU-101,Succhia-clitoride Aurora,succhia-clitoride,5,Il Succhia-clitoride Aurora vale ogni euro speso. Comprerò ancora da voi.,feedback_positivo
REC-1034,2026-08-14,sito,SKU-104,Vibratore per coppie Duo App,coppie-app,1,La cinghia del Vibratore per coppie Duo App si è strappata la seconda volta che l'ho usato.,difetto_prodotto
REC-1035,2026-08-18,trustpilot,SKU-109,Palline vaginali Kegel Set,palline,2,"Sarebbe utile indicare quanti decibel fa il Palline vaginali Kegel Set, la rumorosità non è scritta da nessuna parte.",informazione_scheda
REC-1036,2026-05-17,sito,SKU-105,Anello fallico Orbit,per-lui,5,"ottimo acquisto, il Anello fallico Orbit è silenzioso e ben rifinito. Consigliatissimo.",feedback_positivo
REC-1037,2026-06-24,sito,SKU-112,Body in pizzo Luce,lingerie,4,"Nella scheda del Body in pizzo Luce non sono indicate le dimensioni reali, dal vivo è molto più grande.",informazione_scheda
REC-1038,2026-05-09,sito,SKU-103,Wand massaggiante Vela,wand,2,"il Wand massaggiante Vela risulta consegnato al vicino ma nessuno mi ha avvisato, l'ho scoperto per caso.",logistica_consegna
REC-1039,2026-08-15,sito,SKU-101,Succhia-clitoride Aurora,succhia-clitoride,3,vivo in condivisione e la discrezione era il motivo per cui ho scelto voi: promessa mantenuta.,imballo_privacy
REC-1040,2026-05-13,sito,SKU-111,Kit bondage Soft Start,bdsm,1,Il Kit bondage Soft Start doveva essere impermeabile e invece dopo averlo sciacquato ha iniziato a fare le bizze.,difetto_prodotto
REC-1041,2026-08-05,sito,SKU-104,Vibratore per coppie Duo App,coppie-app,1,"Buongiorno, ho scritto due volte all'assistenza e non ho ricevuto nessuna risposta.",assistenza
REC-1042,2026-07-01,sito,SKU-108,Dildo in silicone Onda,dildo,5,"Imballaggio davvero discreto, sulla scatola non c'è scritto niente. Su questo siete impeccabili.",imballo_privacy
REC-1043,2026-05-15,sito,SKU-108,Dildo in silicone Onda,dildo,5,"Servizio impeccabile dall'ordine alla consegna, e il Dildo in silicone Onda ha superato le aspettative.",feedback_positivo
REC-1044,2026-08-02,sito,SKU-109,Palline vaginali Kegel Set,palline,1,"Reso rifiutato perché la confezione era aperta, ma come faccio a capire se il prodotto va bene senza aprirlo?",reso_rimborso
REC-1045,2026-04-04,sito,SKU-102,Vibratore Rabbit Nova,vibratori,2,"Buongiorno, consegna prevista in 48 ore, ne sono passate 96. Il prodotto mi serviva per un regalo.",logistica_consegna
REC-1046,2026-04-11,sito,SKU-103,Wand massaggiante Vela,wand,3,"Confezione curata, si capisce che ci avete pensato. Il packaging è anche bello da vedere.",imballo_privacy
REC-1047,2026-08-29,sito,SKU-112,Body in pizzo Luce,lingerie,2,Ho ordinato durante la promozione e mi è stato addebitato il prezzo pieno.,promo_ordini
REC-1048,2026-06-11,sito,SKU-109,Palline vaginali Kegel Set,palline,5,"Salve, finalmente un negozio italiano serio su questo tema. Il Palline vaginali Kegel Set è di qualità alta.",feedback_positivo
REC-1049,2026-05-04,trustpilot,SKU-106,Masturbatore Echo,per-lui,4,"Imballaggio davvero discreto, sulla scatola non c'è scritto niente. Su questo siete impeccabili.",imballo_privacy
REC-1050,2026-05-14,sito,SKU-105,Anello fallico Orbit,per-lui,1,Seconda volta che un vostro ordine arriva in ritardo. La prima l'ho lasciata correre.,logistica_consegna
REC-1051,2026-09-12,sito,SKU-104,Vibratore per coppie Duo App,coppie-app,2,"Il codice sconto non si applica al carrello, ho provato con tre browser diversi.",promo_ordini
REC-1052,2026-08-15,sito,SKU-107,Kit plug progressivo,anale,3,"Manca l'indicazione del materiale nella scheda del Kit plug progressivo, ho dovuto scrivervi per saperlo.",informazione_scheda
REC-1053,2026-09-08,sito,SKU-105,Anello fallico Orbit,per-lui,1,"Procedura di reso poco chiara, sul sito non si capisce cosa si può restituire e cosa no.",reso_rimborso
REC-1054,2026-08-31,sito,SKU-111,Kit bondage Soft Start,bdsm,5,"Il Kit bondage Soft Start è esattamente come lo descrivete, qualità ottima e spedizione velocissima.",feedback_positivo
REC-1055,2026-09-20,sito,SKU-108,Dildo in silicone Onda,dildo,5,"prodotto arrivato in due giorni, imballo perfetto e anonimo. Sono molto soddisfatta.",feedback_positivo
REC-1056,2026-07-23,trustpilot,SKU-109,Palline vaginali Kegel Set,palline,2,"Ho chiesto il reso del Palline vaginali Kegel Set venti giorni fa, il rimborso non è ancora arrivato.",reso_rimborso
REC-1057,2026-04-15,sito,SKU-105,Anello fallico Orbit,per-lui,5,"Salve, ottimo acquisto, il Anello fallico Orbit è silenzioso e ben rifinito. Consigliatissimo.",feedback_positivo
REC-1058,2026-09-13,sito,SKU-105,Anello fallico Orbit,per-lui,5,"Buonasera, il Anello fallico Orbit è esattamente come lo descrivete, qualità ottima e spedizione velocissima.",feedback_positivo
REC-1059,2026-04-07,sito,SKU-101,Succhia-clitoride Aurora,succhia-clitoride,2,"Dopo tre settimane il Succhia-clitoride Aurora non si accende più, la base magnetica non aggancia bene.",difetto_batteria
REC-1060,2026-07-06,trustpilot,SKU-109,Palline vaginali Kegel Set,palline,2,"Mi è arrivato già usato, la confezione era chiaramente stata aperta.",difetto_prodotto
REC-1061,2026-06-26,trustpilot,SKU-107,Kit plug progressivo,anale,5,Il Kit plug progressivo vale ogni euro speso. Comprerò ancora da voi.,feedback_positivo
REC-1062,2026-08-12,trustpilot,SKU-107,Kit plug progressivo,anale,5,"Buonasera, servizio impeccabile dall'ordine alla consegna, e il Kit plug progressivo ha superato le aspettative.",feedback_positivo
REC-1063,2026-05-28,sito,SKU-101,Succhia-clitoride Aurora,succhia-clitoride,2,"Ciao, uno dei pulsanti del Succhia-clitoride Aurora non risponde, devo premerlo cinque volte.",difetto_prodotto
REC-1064,2026-07-02,sito,SKU-109,Palline vaginali Kegel Set,palline,1,"Ciao, consegna prevista in 48 ore, ne sono passate 96. Il prodotto mi serviva per un regalo.",logistica_consegna
REC-1065,2026-05-24,sito,SKU-102,Vibratore Rabbit Nova,vibratori,5,"Buonasera, finalmente un negozio italiano serio su questo tema. Il Vibratore Rabbit Nova è di qualità alta.",feedback_positivo
REC-1066,2026-06-12,sito,SKU-103,Wand massaggiante Vela,wand,5,"Prodotto arrivato in due giorni, imballo perfetto e anonimo. Sono molto soddisfatta.",feedback_positivo
REC-1067,2026-04-26,trustpilot,SKU-102,Vibratore Rabbit Nova,vibratori,1,"Tracking mai aggiornato, non ho idea di dove sia il mio ordine. Un po' di trasparenza in più non guasterebbe.",logistica_consegna
REC-1068,2026-05-19,sito,SKU-106,Masturbatore Echo,per-lui,1,"Buonasera, rimborso arrivato parziale senza nessuna spiegazione sulla differenza.",reso_rimborso
REC-1069,2026-03-27,sito,SKU-112,Body in pizzo Luce,lingerie,5,Finalmente un negozio italiano serio su questo tema. Il Body in pizzo Luce è di qualità alta.,feedback_positivo
REC-1070,2026-09-15,sito,SKU-101,Succhia-clitoride Aurora,succhia-clitoride,2,"Buonasera, non si capisce dalla descrizione se il Succhia-clitoride Aurora è ricaricabile o va a pile.",informazione_scheda
REC-1071,2026-09-10,sito,SKU-109,Palline vaginali Kegel Set,palline,1,"Ordine diviso in due spedizioni senza avvisarmi, ho ricevuto solo metà di quello che ho pagato.",logistica_consegna
REC-1072,2026-05-17,sito,SKU-101,Succhia-clitoride Aurora,succhia-clitoride,3,Il Succhia-clitoride Aurora non tiene la carica: dopo venti minuti è già scarico.,difetto_batteria
REC-1073,2026-09-03,sito,SKU-103,Wand massaggiante Vela,wand,5,"Materiale piacevole, ricarica veloce, tutto come promesso.",feedback_positivo
REC-1074,2026-06-17,sito,SKU-104,Vibratore per coppie Duo App,coppie-app,5,"Buonasera, materiale piacevole, ricarica veloce, tutto come promesso.",feedback_positivo
REC-1075,2026-06-30,sito,SKU-104,Vibratore per coppie Duo App,coppie-app,3,"Buonasera, il Vibratore per coppie Duo App ha un odore di plastica molto forte appena aperto, non me lo aspettavo da un silicone medicale.",difetto_prodotto
REC-1076,2026-09-07,trustpilot,SKU-108,Dildo in silicone Onda,dildo,1,Il Dildo in silicone Onda ha smesso di vibrare dopo pochi utilizzi.,difetto_prodotto
REC-1077,2026-05-13,sito,SKU-105,Anello fallico Orbit,per-lui,1,"vorrei sostituire il Anello fallico Orbit con un modello diverso, ma non trovo da nessuna parte come si fa il cambio.",reso_rimborso
REC-1078,2026-07-05,trustpilot,SKU-104,Vibratore per coppie Duo App,coppie-app,4,"Sarebbe bello avere una guida ai materiali, ogni volta mi perdo tra silicone, ABS e TPE.",corsi_contenuti
REC-1079,2026-05-30,sito,SKU-109,Palline vaginali Kegel Set,palline,5,"Prodotto arrivato in due giorni, imballo perfetto e anonimo. Sono molto soddisfatta.",feedback_positivo
REC-1080,2026-05-11,sito,SKU-103,Wand massaggiante Vela,wand,5,"Ciao, prodotto arrivato in due giorni, imballo perfetto e anonimo. Sono molto soddisfatta.",feedback_positivo
REC-1081,2026-05-18,sito,SKU-104,Vibratore per coppie Duo App,coppie-app,1,"Assistenza clienti davvero impeccabile, mi hanno risposto in mezza giornata e risolto tutto.",assistenza
REC-1082,2026-05-30,trustpilot,SKU-106,Masturbatore Echo,per-lui,5,"Materiale piacevole, ricarica veloce, tutto come promesso.",feedback_positivo
REC-1083,2026-06-30,trustpilot,SKU-102,Vibratore Rabbit Nova,vibratori,1,"Ciao, consegna prevista in 48 ore, ne sono passate 96. Il prodotto mi serviva per un regalo.",logistica_consegna
REC-1084,2026-07-20,sito,SKU-102,Vibratore Rabbit Nova,vibratori,4,L'app si disconnette in continuazione quando lo controllo a distanza. È normale?,uso_prodotto
REC-1085,2026-09-10,trustpilot,SKU-105,Anello fallico Orbit,per-lui,5,"Buongiorno, finalmente un negozio italiano serio su questo tema. Il Anello fallico Orbit è di qualità alta.",feedback_positivo
REC-1086,2026-07-16,sito,SKU-104,Vibratore per coppie Duo App,coppie-app,2,"Mi avevano promesso il rimborso via mail, da allora silenzio totale.",reso_rimborso
REC-1087,2026-04-14,trustpilot,SKU-101,Succhia-clitoride Aurora,succhia-clitoride,5,Il pacco era anonimo ma la bolla del corriere riportava la descrizione della merce.,imballo_privacy
REC-1088,2026-06-09,trustpilot,SKU-101,Succhia-clitoride Aurora,succhia-clitoride,3,"Il Succhia-clitoride Aurora è arrivato con un difetto sul silicone, c'era proprio un taglio.",difetto_prodotto
REC-1089,2026-05-05,sito,SKU-101,Succhia-clitoride Aurora,succhia-clitoride,3,mi hanno risposto dopo cinque giorni quando sul sito dichiarate 48 ore.,assistenza
REC-1090,2026-04-08,sito,SKU-107,Kit plug progressivo,anale,5,"servizio impeccabile dall'ordine alla consegna, e il Kit plug progressivo ha superato le aspettative.",feedback_positivo
REC-1091,2026-07-31,trustpilot,SKU-102,Vibratore Rabbit Nova,vibratori,5,Il Vibratore Rabbit Nova vale ogni euro speso. Comprerò ancora da voi.,feedback_positivo
REC-1092,2026-06-05,sito,SKU-108,Dildo in silicone Onda,dildo,1,"Salve, consegna prevista in 48 ore, ne sono passate 96. Il prodotto mi serviva per un regalo.",logistica_consegna
REC-1093,2026-07-23,trustpilot,SKU-106,Masturbatore Echo,per-lui,1,Spedizione in ritardo di oltre una settimana rispetto a quanto indicato in fase di acquisto.,logistica_consegna
REC-1094,2026-06-09,sito,SKU-107,Kit plug progressivo,anale,3,"Ho ricevuto una risposta chiara e senza giudizio, e per un acquisto del genere conta parecchio.",assistenza
REC-1095,2026-07-13,sito,SKU-108,Dildo in silicone Onda,dildo,1,Ordinato il 13/07 e dopo dieci giorni il pacco non è ancora arrivato. Il tracking è fermo da una settimana.,logistica_consegna
REC-1096,2026-06-12,sito,SKU-107,Kit plug progressivo,anale,5,"Ottimo acquisto, il Kit plug progressivo è silenzioso e ben rifinito. Consigliatissimo.",feedback_positivo
REC-1097,2026-09-14,trustpilot,SKU-103,Wand massaggiante Vela,wand,3,"Nella scheda del Wand massaggiante Vela non sono indicate le dimensioni reali, dal vivo è molto più grande.",informazione_scheda
REC-1098,2026-09-04,trustpilot,SKU-101,Succhia-clitoride Aurora,succhia-clitoride,3,Avevo diritto al Bonus Goduria ma non capisco come si richiede.,promo_ordini
REC-1099,2026-07-27,trustpilot,SKU-102,Vibratore Rabbit Nova,vibratori,2,ho ordinato durante la promozione e mi è stato addebitato il prezzo pieno.,promo_ordini
REC-1100,2026-09-01,sito,SKU-104,Vibratore per coppie Duo App,coppie-app,2,Il Vibratore per coppie Duo App ha un blocco tasti? Mi si accende da solo in borsa.,uso_prodotto
REC-1101,2026-07-07,sito,SKU-111,Kit bondage Soft Start,bdsm,5,"Il Kit bondage Soft Start è esattamente come lo descrivete, qualità ottima e spedizione velocissima.",feedback_positivo
REC-1102,2026-09-04,sito,SKU-102,Vibratore Rabbit Nova,vibratori,2,"procedura di reso poco chiara, sul sito non si capisce cosa si può restituire e cosa no.",reso_rimborso
REC-1103,2026-05-08,sito,SKU-101,Succhia-clitoride Aurora,succhia-clitoride,5,"il Succhia-clitoride Aurora è esattamente come lo descrivete, qualità ottima e spedizione velocissima.",feedback_positivo
REC-1104,2026-05-11,sito,SKU-108,Dildo in silicone Onda,dildo,2,"Salve, ho ricevuto un prodotto diverso da quello ordinato e mi tocca pagare io la spedizione del reso.",reso_rimborso
REC-1105,2026-09-17,sito,SKU-101,Succhia-clitoride Aurora,succhia-clitoride,1,"Buonasera, reso rifiutato perché la confezione era aperta, ma come faccio a capire se il prodotto va bene senza aprirlo?",reso_rimborso
REC-1106,2026-07-26,sito,SKU-106,Masturbatore Echo,per-lui,5,Finalmente un negozio italiano serio su questo tema. Il Masturbatore Echo è di qualità alta.,feedback_positivo
REC-1107,2026-09-21,trustpilot,SKU-104,Vibratore per coppie Duo App,coppie-app,1,Ho pagato la spedizione express e è arrivato con gli stessi tempi di quella standard.,logistica_consegna
REC-1108,2026-08-04,sito,SKU-105,Anello fallico Orbit,per-lui,5,"Salve, ottimo acquisto, il Anello fallico Orbit è silenzioso e ben rifinito. Consigliatissimo.",feedback_positivo
REC-1109,2026-08-06,sito,SKU-105,Anello fallico Orbit,per-lui,5,"Materiale piacevole, ricarica veloce, tutto come promesso.",feedback_positivo
REC-1110,2026-07-30,sito,SKU-104,Vibratore per coppie Duo App,coppie-app,2,"non riesco a collegare il Vibratore per coppie Duo App all'app, il bluetooth non lo trova.",uso_prodotto
REC-1111,2026-05-30,trustpilot,SKU-107,Kit plug progressivo,anale,1,"Mi avevano promesso il rimborso via mail, da allora silenzio totale.",reso_rimborso
REC-1112,2026-08-05,trustpilot,SKU-106,Masturbatore Echo,per-lui,4,i vostri articoli sono l'unica cosa in italiano che spieghi certe cose senza fare i moralisti.,corsi_contenuti
REC-1113,2026-06-30,sito,SKU-106,Masturbatore Echo,per-lui,1,Ho pagato la spedizione express e è arrivato con gli stessi tempi di quella standard.,logistica_consegna
REC-1114,2026-08-22,trustpilot,SKU-107,Kit plug progressivo,anale,5,"Comprato per curiosità, tornata per la seconda volta. Il Kit plug progressivo è ottimo.",feedback_positivo
REC-1115,2026-08-31,sito,SKU-107,Kit plug progressivo,anale,2,"pacco bloccato in transito da sei giorni, nessuno mi sa dire nulla.",logistica_consegna
REC-1116,2026-05-24,sito,SKU-112,Body in pizzo Luce,lingerie,5,"comprato per curiosità, tornata per la seconda volta. Il Body in pizzo Luce è ottimo.",feedback_positivo
REC-1117,2026-09-06,sito,SKU-108,Dildo in silicone Onda,dildo,5,"Il Dildo in silicone Onda è esattamente come lo descrivete, qualità ottima e spedizione velocissima.",feedback_positivo
REC-1118,2026-06-22,sito,SKU-106,Masturbatore Echo,per-lui,5,vivo in condivisione e la discrezione era il motivo per cui ho scelto voi: promessa mantenuta.,imballo_privacy
REC-1119,2026-07-08,trustpilot,SKU-105,Anello fallico Orbit,per-lui,5,però sull'estratto conto compare un nome che si capisce benissimo cosa sia. Sul sito dite il contrario.,imballo_privacy
REC-1120,2026-07-25,trustpilot,SKU-101,Succhia-clitoride Aurora,succhia-clitoride,3,"Buonasera, le istruzioni del Succhia-clitoride Aurora sono solo in inglese e in cinese, in italiano niente.",uso_prodotto
REC-1121,2026-08-20,sito,SKU-108,Dildo in silicone Onda,dildo,5,Il pacco era anonimo ma la bolla del corriere riportava la descrizione della merce.,imballo_privacy
REC-1122,2026-07-24,sito,SKU-110,Lubrificante base acqua Fresh 100ml,lubrificanti,1,"Ciao, il corriere ha segnato consegnato ma non ho ricevuto nulla. Ho scritto e sto ancora aspettando.",logistica_consegna
REC-1123,2026-06-10,sito,SKU-102,Vibratore Rabbit Nova,vibratori,3,"Buongiorno, si scarica molto più in fretta di quanto dichiarato nella scheda. Parlavate di due ore.",difetto_batteria
REC-1124,2026-09-04,sito,SKU-102,Vibratore Rabbit Nova,vibratori,2,"Buongiorno, ho pagato la spedizione express e è arrivato con gli stessi tempi di quella standard.",logistica_consegna
REC-1125,2026-07-25,sito,SKU-102,Vibratore Rabbit Nova,vibratori,3,"la ricarica magnetica si stacca al minimo movimento, è impossibile lasciarlo in carica.",difetto_batteria
REC-1126,2026-07-09,sito,SKU-105,Anello fallico Orbit,per-lui,5,"Ciao, prodotto arrivato in due giorni, imballo perfetto e anonimo. Sono molto soddisfatta.",feedback_positivo
REC-1127,2026-07-22,trustpilot,SKU-103,Wand massaggiante Vela,wand,5,"Ciao, ottimo acquisto, il Wand massaggiante Vela è silenzioso e ben rifinito. Consigliatissimo.",feedback_positivo
REC-1128,2026-07-22,sito,SKU-105,Anello fallico Orbit,per-lui,1,Ho pagato la spedizione express e è arrivato con gli stessi tempi di quella standard.,logistica_consegna
REC-1129,2026-09-21,trustpilot,SKU-102,Vibratore Rabbit Nova,vibratori,2,"Ho chiesto il reso del Vibratore Rabbit Nova venti giorni fa, il rimborso non è ancora arrivato.",reso_rimborso
REC-1130,2026-07-25,sito,SKU-105,Anello fallico Orbit,per-lui,2,"Salve, ho scritto due volte all'assistenza e non ho ricevuto nessuna risposta.",assistenza
REC-1131,2026-08-08,sito,SKU-109,Palline vaginali Kegel Set,palline,4,Il Palline vaginali Kegel Set si può usare con un lubrificante al silicone o rovina il materiale?,uso_prodotto
REC-1132,2026-04-23,sito,SKU-111,Kit bondage Soft Start,bdsm,2,"Le istruzioni del Kit bondage Soft Start sono solo in inglese e in cinese, in italiano niente.",uso_prodotto
REC-1133,2026-08-01,sito,SKU-101,Succhia-clitoride Aurora,succhia-clitoride,1,Il corriere ha segnato consegnato ma non ho ricevuto nulla. Ho scritto e sto ancora aspettando.,logistica_consegna
REC-1134,2026-04-02,sito,SKU-107,Kit plug progressivo,anale,2,"Le informazioni sul prodotto sono insufficienti, ho comprato praticamente alla cieca.",informazione_scheda
REC-1135,2026-05-22,trustpilot,SKU-105,Anello fallico Orbit,per-lui,5,"Buongiorno, materiale piacevole, ricarica veloce, tutto come promesso.",feedback_positivo
REC-1136,2026-08-12,sito,SKU-111,Kit bondage Soft Start,bdsm,2,"Procedura di reso poco chiara, sul sito non si capisce cosa si può restituire e cosa no.",reso_rimborso
REC-1137,2026-07-05,trustpilot,SKU-101,Succhia-clitoride Aurora,succhia-clitoride,2,Rimborso arrivato parziale senza nessuna spiegazione sulla differenza.,reso_rimborso
REC-1138,2026-08-03,sito,SKU-111,Kit bondage Soft Start,bdsm,1,"Consegna prevista in 48 ore, ne sono passate 96. Il prodotto mi serviva per un regalo.",logistica_consegna
REC-1139,2026-08-24,sito,SKU-107,Kit plug progressivo,anale,2,Il corriere ha segnato consegnato ma non ho ricevuto nulla. Ho scritto e sto ancora aspettando.,logistica_consegna
REC-1140,2026-05-04,sito,SKU-101,Succhia-clitoride Aurora,succhia-clitoride,3,"dopo tre settimane il Succhia-clitoride Aurora non si accende più, la base magnetica non aggancia bene.",difetto_batteria
REC-1141,2026-08-16,sito,SKU-103,Wand massaggiante Vela,wand,2,"Salve, si può usare il Wand massaggiante Vela sotto la doccia oppure no?",uso_prodotto
REC-1142,2026-07-07,trustpilot,SKU-102,Vibratore Rabbit Nova,vibratori,5,"Buongiorno, materiale piacevole, ricarica veloce, tutto come promesso.",feedback_positivo
REC-1143,2026-06-15,sito,SKU-111,Kit bondage Soft Start,bdsm,1,"Buonasera, seconda volta che un vostro ordine arriva in ritardo. La prima l'ho lasciata correre.",logistica_consegna
REC-1144,2026-06-11,sito,SKU-110,Lubrificante base acqua Fresh 100ml,lubrificanti,2,Ho ricevuto un prodotto diverso da quello ordinato e mi tocca pagare io la spedizione del reso.,reso_rimborso
REC-1145,2026-06-12,sito,SKU-101,Succhia-clitoride Aurora,succhia-clitoride,5,"Ottimo acquisto, il Succhia-clitoride Aurora è silenzioso e ben rifinito. Consigliatissimo.",feedback_positivo
REC-1146,2026-08-04,trustpilot,SKU-112,Body in pizzo Luce,lingerie,5,"ottimo acquisto, il Body in pizzo Luce è silenzioso e ben rifinito. Consigliatissimo.",feedback_positivo
REC-1147,2026-06-15,sito,SKU-102,Vibratore Rabbit Nova,vibratori,2,"Chiedo da tre settimane lo stato del rimborso, ricevo solo risposte generiche.",reso_rimborso
REC-1148,2026-07-21,sito,SKU-110,Lubrificante base acqua Fresh 100ml,lubrificanti,2,"Reso rifiutato perché la confezione era aperta, ma come faccio a capire se il prodotto va bene senza aprirlo?",reso_rimborso
REC-1149,2026-05-26,trustpilot,SKU-103,Wand massaggiante Vela,wand,2,"dopo tre settimane il Wand massaggiante Vela non si accende più, la base magnetica non aggancia bene.",difetto_batteria
REC-1150,2026-08-26,sito,SKU-107,Kit plug progressivo,anale,2,"Ciao, descrizione molto vaga, le recensioni degli altri clienti mi hanno aiutato più della scheda.",informazione_scheda
REC-1151,2026-04-13,sito,SKU-101,Succhia-clitoride Aurora,succhia-clitoride,4,"Buonasera, nella scheda del Succhia-clitoride Aurora non sono indicate le dimensioni reali, dal vivo è molto più grande.",informazione_scheda
REC-1152,2026-04-08,sito,SKU-104,Vibratore per coppie Duo App,coppie-app,1,Il Vibratore per coppie Duo App non tiene la carica: dopo venti minuti è già scarico.,difetto_batteria
REC-1153,2026-08-25,sito,SKU-112,Body in pizzo Luce,lingerie,4,"complimenti per il tono che usate, mi ha fatto sentire a mio agio a fare domande.",corsi_contenuti
REC-1154,2026-06-25,sito,SKU-102,Vibratore Rabbit Nova,vibratori,2,Ho ricevuto un prodotto diverso da quello ordinato e mi tocca pagare io la spedizione del reso.,reso_rimborso
REC-1155,2026-08-17,sito,SKU-108,Dildo in silicone Onda,dildo,3,"ho scritto su Instagram e mi hanno detto di mandare una mail, ho mandato la mail e nessuno risponde.",assistenza
REC-1156,2026-08-03,sito,SKU-104,Vibratore per coppie Duo App,coppie-app,2,"Salve, il Vibratore per coppie Duo App ha un odore di plastica molto forte appena aperto, non me lo aspettavo da un silicone medicale.",difetto_prodotto
REC-1157,2026-07-17,sito,SKU-103,Wand massaggiante Vela,wand,2,rimborso arrivato parziale senza nessuna spiegazione sulla differenza.,reso_rimborso
REC-1158,2026-05-12,trustpilot,SKU-109,Palline vaginali Kegel Set,palline,2,Avevo diritto al Bonus Goduria ma non capisco come si richiede.,promo_ordini
REC-1159,2026-06-19,sito,SKU-112,Body in pizzo Luce,lingerie,5,"Ciao, finalmente un negozio italiano serio su questo tema. Il Body in pizzo Luce è di qualità alta.",feedback_positivo
REC-1160,2026-07-26,trustpilot,SKU-108,Dildo in silicone Onda,dildo,2,"Buonasera, spedizione in ritardo di oltre una settimana rispetto a quanto indicato in fase di acquisto.",logistica_consegna
REC-1161,2026-04-12,trustpilot,SKU-105,Anello fallico Orbit,per-lui,4,"Manca l'indicazione del materiale nella scheda del Anello fallico Orbit, ho dovuto scrivervi per saperlo.",informazione_scheda
REC-1162,2026-09-14,sito,SKU-112,Body in pizzo Luce,lingerie,4,"Ciao, ho scritto due volte all'assistenza e non ho ricevuto nessuna risposta.",assistenza
REC-1163,2026-08-20,sito,SKU-101,Succhia-clitoride Aurora,succhia-clitoride,1,"Consegna prevista in 48 ore, ne sono passate 96. Il prodotto mi serviva per un regalo.",logistica_consegna
REC-1164,2026-06-24,sito,SKU-110,Lubrificante base acqua Fresh 100ml,lubrificanti,5,"il Lubrificante base acqua Fresh 100ml è esattamente come lo descrivete, qualità ottima e spedizione velocissima.",feedback_positivo
REC-1165,2026-08-19,trustpilot,SKU-110,Lubrificante base acqua Fresh 100ml,lubrificanti,1,"pacco bloccato in transito da sei giorni, nessuno mi sa dire nulla.",logistica_consegna
REC-1166,2026-08-15,sito,SKU-112,Body in pizzo Luce,lingerie,5,"Ottimo acquisto, il Body in pizzo Luce è silenzioso e ben rifinito. Consigliatissimo.",feedback_positivo
REC-1167,2026-07-17,sito,SKU-107,Kit plug progressivo,anale,3,"Ho scritto su Instagram e mi hanno detto di mandare una mail, ho mandato la mail e nessuno risponde.",assistenza
REC-1168,2026-07-21,sito,SKU-104,Vibratore per coppie Duo App,coppie-app,3,"Buongiorno, la cinghia del Vibratore per coppie Duo App si è strappata la seconda volta che l'ho usato.",difetto_prodotto
REC-1169,2026-08-13,sito,SKU-104,Vibratore per coppie Duo App,coppie-app,5,"Buongiorno, il Vibratore per coppie Duo App vale ogni euro speso. Comprerò ancora da voi.",feedback_positivo
REC-1170,2026-04-20,sito,SKU-109,Palline vaginali Kegel Set,palline,5,"Ottimo acquisto, il Palline vaginali Kegel Set è silenzioso e ben rifinito. Consigliatissimo.",feedback_positivo
REC-1171,2026-07-05,sito,SKU-109,Palline vaginali Kegel Set,palline,4,"Buonasera, le foto del Palline vaginali Kegel Set non rendono l'idea del colore vero.",informazione_scheda
REC-1172,2026-09-21,sito,SKU-109,Palline vaginali Kegel Set,palline,4,Ho chiesto se il nome che compare sulla carta è riconoscibile e non ho avuto risposta chiara.,imballo_privacy
REC-1173,2026-07-27,sito,SKU-102,Vibratore Rabbit Nova,vibratori,5,"Materiale piacevole, ricarica veloce, tutto come promesso.",feedback_positivo
REC-1174,2026-09-09,sito,SKU-112,Body in pizzo Luce,lingerie,5,"servizio impeccabile dall'ordine alla consegna, e il Body in pizzo Luce ha superato le aspettative.",feedback_positivo
REC-1175,2026-05-16,trustpilot,SKU-102,Vibratore Rabbit Nova,vibratori,5,"Ciao, ottimo acquisto, il Vibratore Rabbit Nova è silenzioso e ben rifinito. Consigliatissimo.",feedback_positivo
REC-1176,2026-06-15,sito,SKU-104,Vibratore per coppie Duo App,coppie-app,4,"Salve, il Vibratore per coppie Duo App si può usare con un lubrificante al silicone o rovina il materiale?",uso_prodotto
REC-1177,2026-05-25,sito,SKU-105,Anello fallico Orbit,per-lui,2,Il Anello fallico Orbit ha un blocco tasti? Mi si accende da solo in borsa.,uso_prodotto
REC-1178,2026-07-25,sito,SKU-112,Body in pizzo Luce,lingerie,2,Sulla scheda del Body in pizzo Luce non è chiaro cosa sia incluso nella confezione.,informazione_scheda
REC-1179,2026-05-01,sito,SKU-102,Vibratore Rabbit Nova,vibratori,1,Seconda volta che un vostro ordine arriva in ritardo. La prima l'ho lasciata correre.,logistica_consegna
REC-1180,2026-08-17,sito,SKU-106,Masturbatore Echo,per-lui,5,Il Masturbatore Echo vale ogni euro speso. Comprerò ancora da voi.,feedback_positivo
REC-1181,2026-09-05,sito,SKU-112,Body in pizzo Luce,lingerie,2,"Ho chiesto il reso del Body in pizzo Luce venti giorni fa, il rimborso non è ancora arrivato.",reso_rimborso
REC-1182,2026-06-16,sito,SKU-112,Body in pizzo Luce,lingerie,5,"Salve, prodotto arrivato in due giorni, imballo perfetto e anonimo. Sono molto soddisfatta.",feedback_positivo
REC-1183,2026-04-14,sito,SKU-111,Kit bondage Soft Start,bdsm,5,"Buongiorno, prodotto arrivato in due giorni, imballo perfetto e anonimo. Sono molto soddisfatta.",feedback_positivo
REC-1184,2026-07-18,trustpilot,SKU-107,Kit plug progressivo,anale,5,"Ciao, comprato per curiosità, tornata per la seconda volta. Il Kit plug progressivo è ottimo.",feedback_positivo
REC-1185,2026-04-21,trustpilot,SKU-106,Masturbatore Echo,per-lui,5,Però sull'estratto conto compare un nome che si capisce benissimo cosa sia. Sul sito dite il contrario.,imballo_privacy
REC-1186,2026-09-15,trustpilot,SKU-107,Kit plug progressivo,anale,4,"Confezione curata, si capisce che ci avete pensato. Il packaging è anche bello da vedere.",imballo_privacy
REC-1187,2026-08-30,sito,SKU-101,Succhia-clitoride Aurora,succhia-clitoride,2,Il Succhia-clitoride Aurora non tiene la carica: dopo venti minuti è già scarico.,difetto_batteria
REC-1188,2026-09-09,sito,SKU-105,Anello fallico Orbit,per-lui,5,"ottimo acquisto, il Anello fallico Orbit è silenzioso e ben rifinito. Consigliatissimo.",feedback_positivo
REC-1189,2026-05-14,sito,SKU-106,Masturbatore Echo,per-lui,2,"Salve, il prezzo in newsletter era diverso da quello sul sito al momento dell'acquisto.",promo_ordini
REC-1190,2026-04-13,sito,SKU-104,Vibratore per coppie Duo App,coppie-app,4,L'app si disconnette in continuazione quando lo controllo a distanza. È normale?,uso_prodotto
REC-1191,2026-07-01,sito,SKU-111,Kit bondage Soft Start,bdsm,2,"Il Kit bondage Soft Start è arrivato con un difetto sul silicone, c'era proprio un taglio.",difetto_prodotto
REC-1192,2026-04-10,sito,SKU-107,Kit plug progressivo,anale,4,"Salve, risposte vaghe, copiate e incollate, che non risolvono il problema.",assistenza
REC-1193,2026-04-14,sito,SKU-107,Kit plug progressivo,anale,1,"assistenza gentile ma non risolutiva, mi hanno rimandato a una pagina che non c'entrava nulla.",assistenza
REC-1194,2026-08-14,sito,SKU-109,Palline vaginali Kegel Set,palline,2,"Consegna prevista in 48 ore, ne sono passate 96. Il prodotto mi serviva per un regalo.",logistica_consegna
REC-1195,2026-07-19,sito,SKU-106,Masturbatore Echo,per-lui,5,"Materiale piacevole, ricarica veloce, tutto come promesso.",feedback_positivo
REC-1196,2026-08-04,trustpilot,SKU-109,Palline vaginali Kegel Set,palline,1,"Buonasera, ho ricevuto un prodotto diverso da quello ordinato e mi tocca pagare io la spedizione del reso.",reso_rimborso
REC-1197,2026-07-01,sito,SKU-112,Body in pizzo Luce,lingerie,3,"Doppia scatola e nessun riferimento al contenuto, per me è fondamentale visto che vivo con i miei.",imballo_privacy
REC-1198,2026-08-27,sito,SKU-105,Anello fallico Orbit,per-lui,2,"Buonasera, tracking mai aggiornato, non ho idea di dove sia il mio ordine. Un po' di trasparenza in più non guasterebbe.",logistica_consegna
REC-1199,2026-07-08,sito,SKU-105,Anello fallico Orbit,per-lui,5,Il Anello fallico Orbit vale ogni euro speso. Comprerò ancora da voi.,feedback_positivo
REC-1200,2026-09-14,sito,SKU-108,Dildo in silicone Onda,dildo,5,finalmente un negozio italiano serio su questo tema. Il Dildo in silicone Onda è di qualità alta.,feedback_positivo
REC-1201,2026-09-21,trustpilot,SKU-103,Wand massaggiante Vela,wand,2,"Dopo tre settimane il Wand massaggiante Vela non si accende più, la base magnetica non aggancia bene.",difetto_batteria
REC-1202,2026-04-05,trustpilot,SKU-104,Vibratore per coppie Duo App,coppie-app,1,Rimborso arrivato parziale senza nessuna spiegazione sulla differenza.,reso_rimborso
REC-1203,2026-06-04,trustpilot,SKU-108,Dildo in silicone Onda,dildo,2,"Buonasera, procedura di reso poco chiara, sul sito non si capisce cosa si può restituire e cosa no.",reso_rimborso
REC-1204,2026-04-14,sito,SKU-112,Body in pizzo Luce,lingerie,5,finalmente un negozio italiano serio su questo tema. Il Body in pizzo Luce è di qualità alta.,feedback_positivo
REC-1205,2026-04-03,trustpilot,SKU-109,Palline vaginali Kegel Set,palline,2,Rimborso arrivato parziale senza nessuna spiegazione sulla differenza.,reso_rimborso
REC-1206,2026-08-26,sito,SKU-108,Dildo in silicone Onda,dildo,5,il pacco era anonimo ma la bolla del corriere riportava la descrizione della merce.,imballo_privacy
REC-1207,2026-06-25,sito,SKU-109,Palline vaginali Kegel Set,palline,3,"doppia scatola e nessun riferimento al contenuto, per me è fondamentale visto che vivo con i miei.",imballo_privacy
REC-1208,2026-04-12,sito,SKU-101,Succhia-clitoride Aurora,succhia-clitoride,4,Vivo in condivisione e la discrezione era il motivo per cui ho scelto voi: promessa mantenuta.,imballo_privacy
REC-1209,2026-03-31,trustpilot,SKU-104,Vibratore per coppie Duo App,coppie-app,1,"ordine diviso in due spedizioni senza avvisarmi, ho ricevuto solo metà di quello che ho pagato.",logistica_consegna
REC-1210,2026-04-12,sito,SKU-106,Masturbatore Echo,per-lui,3,"Ciao, vivo in condivisione e la discrezione era il motivo per cui ho scelto voi: promessa mantenuta.",imballo_privacy
REC-1211,2026-04-15,sito,SKU-107,Kit plug progressivo,anale,5,Finalmente un negozio italiano serio su questo tema. Il Kit plug progressivo è di qualità alta.,feedback_positivo
REC-1212,2026-06-12,sito,SKU-112,Body in pizzo Luce,lingerie,5,"Servizio impeccabile dall'ordine alla consegna, e il Body in pizzo Luce ha superato le aspettative.",feedback_positivo
REC-1213,2026-07-30,trustpilot,SKU-108,Dildo in silicone Onda,dildo,4,"Buongiorno, il video corso è ottimo ma la piattaforma è scomoda da usare da telefono.",corsi_contenuti
REC-1214,2026-06-24,trustpilot,SKU-102,Vibratore Rabbit Nova,vibratori,2,Il Vibratore Rabbit Nova si spegne da solo a metà utilizzo anche se la spia dice che è carico.,difetto_batteria
REC-1215,2026-08-21,sito,SKU-106,Masturbatore Echo,per-lui,1,Il cavo di ricarica in dotazione ha smesso di funzionare quasi subito.,difetto_batteria
REC-1216,2026-07-20,sito,SKU-111,Kit bondage Soft Start,bdsm,5,Finalmente un negozio italiano serio su questo tema. Il Kit bondage Soft Start è di qualità alta.,feedback_positivo
REC-1217,2026-07-22,sito,SKU-106,Masturbatore Echo,per-lui,5,"Servizio impeccabile dall'ordine alla consegna, e il Masturbatore Echo ha superato le aspettative.",feedback_positivo
REC-1218,2026-06-22,trustpilot,SKU-111,Kit bondage Soft Start,bdsm,1,"Ciao, spedizione in ritardo di oltre una settimana rispetto a quanto indicato in fase di acquisto.",logistica_consegna
REC-1219,2026-05-10,sito,SKU-103,Wand massaggiante Vela,wand,5,"Comprato per curiosità, tornata per la seconda volta. Il Wand massaggiante Vela è ottimo.",feedback_positivo
REC-1220,2026-04-08,sito,SKU-102,Vibratore Rabbit Nova,vibratori,1,ho ricevuto un prodotto diverso da quello ordinato e mi tocca pagare io la spedizione del reso.,reso_rimborso
REC-1221,2026-06-26,sito,SKU-108,Dildo in silicone Onda,dildo,3,Le foto del Dildo in silicone Onda non rendono l'idea del colore vero.,informazione_scheda
REC-1222,2026-03-30,trustpilot,SKU-110,Lubrificante base acqua Fresh 100ml,lubrificanti,4,Le foto del Lubrificante base acqua Fresh 100ml non rendono l'idea del colore vero.,informazione_scheda
REC-1223,2026-05-19,sito,SKU-104,Vibratore per coppie Duo App,coppie-app,4,"Ho scritto su Instagram e mi hanno detto di mandare una mail, ho mandato la mail e nessuno risponde.",assistenza
REC-1224,2026-08-23,trustpilot,SKU-109,Palline vaginali Kegel Set,palline,2,"Salve, procedura di reso poco chiara, sul sito non si capisce cosa si può restituire e cosa no.",reso_rimborso
REC-1225,2026-03-27,sito,SKU-101,Succhia-clitoride Aurora,succhia-clitoride,3,Il Succhia-clitoride Aurora non tiene la carica: dopo venti minuti è già scarico.,difetto_batteria
REC-1226,2026-07-02,sito,SKU-103,Wand massaggiante Vela,wand,3,Il Wand massaggiante Vela ha smesso di vibrare dopo pochi utilizzi.,difetto_prodotto
REC-1227,2026-06-05,trustpilot,SKU-103,Wand massaggiante Vela,wand,5,"Materiale piacevole, ricarica veloce, tutto come promesso.",feedback_positivo
REC-1228,2026-04-10,sito,SKU-111,Kit bondage Soft Start,bdsm,5,"comprato per curiosità, tornata per la seconda volta. Il Kit bondage Soft Start è ottimo.",feedback_positivo
REC-1229,2026-05-22,trustpilot,SKU-109,Palline vaginali Kegel Set,palline,2,"Sarebbe utile indicare quanti decibel fa il Palline vaginali Kegel Set, la rumorosità non è scritta da nessuna parte.",informazione_scheda
REC-1230,2026-08-21,sito,SKU-111,Kit bondage Soft Start,bdsm,5,"Buonasera, finalmente un negozio italiano serio su questo tema. Il Kit bondage Soft Start è di qualità alta.",feedback_positivo
REC-1231,2026-07-12,sito,SKU-104,Vibratore per coppie Duo App,coppie-app,5,Vivo in condivisione e la discrezione era il motivo per cui ho scelto voi: promessa mantenuta.,imballo_privacy
REC-1232,2026-06-24,sito,SKU-105,Anello fallico Orbit,per-lui,5,"Servizio impeccabile dall'ordine alla consegna, e il Anello fallico Orbit ha superato le aspettative.",feedback_positivo
REC-1233,2026-04-08,sito,SKU-104,Vibratore per coppie Duo App,coppie-app,2,"Assistenza clienti davvero impeccabile, mi hanno risposto in mezza giornata e risolto tutto.",assistenza
REC-1234,2026-04-25,sito,SKU-103,Wand massaggiante Vela,wand,1,"Pacco bloccato in transito da sei giorni, nessuno mi sa dire nulla.",logistica_consegna
REC-1235,2026-05-06,sito,SKU-107,Kit plug progressivo,anale,1,"Il Kit plug progressivo risulta consegnato al vicino ma nessuno mi ha avvisato, l'ho scoperto per caso.",logistica_consegna
REC-1236,2026-04-20,sito,SKU-108,Dildo in silicone Onda,dildo,5,"Ottimo acquisto, il Dildo in silicone Onda è silenzioso e ben rifinito. Consigliatissimo.",feedback_positivo
REC-1237,2026-09-12,sito,SKU-104,Vibratore per coppie Duo App,coppie-app,1,"Il Vibratore per coppie Duo App è arrivato con un difetto sul silicone, c'era proprio un taglio.",difetto_prodotto
REC-1238,2026-06-07,trustpilot,SKU-101,Succhia-clitoride Aurora,succhia-clitoride,5,Il Succhia-clitoride Aurora vale ogni euro speso. Comprerò ancora da voi.,feedback_positivo
REC-1239,2026-05-02,trustpilot,SKU-105,Anello fallico Orbit,per-lui,1,Il corriere ha segnato consegnato ma non ho ricevuto nulla. Ho scritto e sto ancora aspettando.,logistica_consegna
REC-1240,2026-06-04,sito,SKU-101,Succhia-clitoride Aurora,succhia-clitoride,1,"Consegna prevista in 48 ore, ne sono passate 96. Il prodotto mi serviva per un regalo.",logistica_consegna
REC-1241,2026-06-07,trustpilot,SKU-101,Succhia-clitoride Aurora,succhia-clitoride,2,Il Succhia-clitoride Aurora si spegne da solo a metà utilizzo anche se la spia dice che è carico.,difetto_batteria
REC-1242,2026-04-24,sito,SKU-110,Lubrificante base acqua Fresh 100ml,lubrificanti,5,Finalmente un negozio italiano serio su questo tema. Il Lubrificante base acqua Fresh 100ml è di qualità alta.,feedback_positivo
REC-1243,2026-04-11,trustpilot,SKU-101,Succhia-clitoride Aurora,succhia-clitoride,3,Si scarica molto più in fretta di quanto dichiarato nella scheda. Parlavate di due ore.,difetto_batteria
REC-1244,2026-03-31,trustpilot,SKU-101,Succhia-clitoride Aurora,succhia-clitoride,5,"Il Succhia-clitoride Aurora è esattamente come lo descrivete, qualità ottima e spedizione velocissima.",feedback_positivo
REC-1245,2026-05-25,sito,SKU-103,Wand massaggiante Vela,wand,5,"Buonasera, prodotto arrivato in due giorni, imballo perfetto e anonimo. Sono molto soddisfatta.",feedback_positivo
REC-1246,2026-06-21,trustpilot,SKU-101,Succhia-clitoride Aurora,succhia-clitoride,3,"Doppia scatola e nessun riferimento al contenuto, per me è fondamentale visto che vivo con i miei.",imballo_privacy
REC-1247,2026-04-15,sito,SKU-105,Anello fallico Orbit,per-lui,5,"Imballaggio davvero discreto, sulla scatola non c'è scritto niente. Su questo siete impeccabili.",imballo_privacy
REC-1248,2026-09-14,trustpilot,SKU-104,Vibratore per coppie Duo App,coppie-app,4,"Buongiorno, qual è il modo corretto di pulire il Vibratore per coppie Duo App? Posso usare acqua e sapone o serve un detergente apposta?",uso_prodotto
REC-1249,2026-07-05,sito,SKU-107,Kit plug progressivo,anale,3,"sarebbe utile indicare quanti decibel fa il Kit plug progressivo, la rumorosità non è scritta da nessuna parte.",informazione_scheda
REC-1250,2026-04-28,sito,SKU-106,Masturbatore Echo,per-lui,1,Il Masturbatore Echo doveva essere impermeabile e invece dopo averlo sciacquato ha iniziato a fare le bizze.,difetto_prodotto
REC-1251,2026-04-10,sito,SKU-106,Masturbatore Echo,per-lui,5,"prodotto arrivato in due giorni, imballo perfetto e anonimo. Sono molto soddisfatta.",feedback_positivo
REC-1252,2026-07-10,trustpilot,SKU-106,Masturbatore Echo,per-lui,4,dove si conserva il Masturbatore Echo? Va bene lasciarlo nella custodia insieme ad altri?,uso_prodotto
REC-1253,2026-09-19,sito,SKU-110,Lubrificante base acqua Fresh 100ml,lubrificanti,3,"Le informazioni sul prodotto sono insufficienti, ho comprato praticamente alla cieca.",informazione_scheda
REC-1254,2026-04-21,sito,SKU-104,Vibratore per coppie Duo App,coppie-app,2,"Il Vibratore per coppie Duo App ha un odore di plastica molto forte appena aperto, non me lo aspettavo da un silicone medicale.",difetto_prodotto
REC-1255,2026-07-17,sito,SKU-106,Masturbatore Echo,per-lui,5,"Salve, il Masturbatore Echo è esattamente come lo descrivete, qualità ottima e spedizione velocissima.",feedback_positivo
REC-1256,2026-08-16,sito,SKU-110,Lubrificante base acqua Fresh 100ml,lubrificanti,5,il Lubrificante base acqua Fresh 100ml vale ogni euro speso. Comprerò ancora da voi.,feedback_positivo
REC-1257,2026-05-04,sito,SKU-109,Palline vaginali Kegel Set,palline,1,Spedizione in ritardo di oltre una settimana rispetto a quanto indicato in fase di acquisto.,logistica_consegna
REC-1258,2026-06-13,sito,SKU-111,Kit bondage Soft Start,bdsm,2,Ordinato il 13/06 e dopo dieci giorni il pacco non è ancora arrivato. Il tracking è fermo da una settimana.,logistica_consegna
REC-1259,2026-05-28,sito,SKU-107,Kit plug progressivo,anale,2,Il Kit plug progressivo ha smesso di vibrare dopo pochi utilizzi.,difetto_prodotto
REC-1260,2026-04-27,sito,SKU-107,Kit plug progressivo,anale,5,"Doppia scatola e nessun riferimento al contenuto, per me è fondamentale visto che vivo con i miei.",imballo_privacy
REC-1261,2026-08-02,sito,SKU-110,Lubrificante base acqua Fresh 100ml,lubrificanti,2,"Salve, il Lubrificante base acqua Fresh 100ml risulta consegnato al vicino ma nessuno mi ha avvisato, l'ho scoperto per caso.",logistica_consegna
REC-1262,2026-06-11,trustpilot,SKU-106,Masturbatore Echo,per-lui,1,Seconda volta che un vostro ordine arriva in ritardo. La prima l'ho lasciata correre.,logistica_consegna
REC-1263,2026-08-26,sito,SKU-103,Wand massaggiante Vela,wand,5,"Materiale piacevole, ricarica veloce, tutto come promesso.",feedback_positivo
REC-1264,2026-07-13,sito,SKU-106,Masturbatore Echo,per-lui,5,"Il Masturbatore Echo è esattamente come lo descrivete, qualità ottima e spedizione velocissima.",feedback_positivo
REC-1265,2026-04-30,sito,SKU-105,Anello fallico Orbit,per-lui,5,"Ciao, materiale piacevole, ricarica veloce, tutto come promesso.",feedback_positivo
REC-1266,2026-08-20,sito,SKU-110,Lubrificante base acqua Fresh 100ml,lubrificanti,3,"Buongiorno, confezione curata, si capisce che ci avete pensato. Il packaging è anche bello da vedere.",imballo_privacy
REC-1267,2026-09-14,trustpilot,SKU-101,Succhia-clitoride Aurora,succhia-clitoride,2,Ordinato il 14/09 e dopo dieci giorni il pacco non è ancora arrivato. Il tracking è fermo da una settimana.,logistica_consegna
REC-1268,2026-04-22,trustpilot,SKU-101,Succhia-clitoride Aurora,succhia-clitoride,3,Ho dovuto sostituirlo perché la batteria era gonfia. Assistenza gentile ma lentissima.,difetto_batteria
REC-1269,2026-04-11,sito,SKU-104,Vibratore per coppie Duo App,coppie-app,2,"Buonasera, qual è il modo corretto di pulire il Vibratore per coppie Duo App? Posso usare acqua e sapone o serve un detergente apposta?",uso_prodotto
REC-1270,2026-07-24,sito,SKU-106,Masturbatore Echo,per-lui,1,Il corriere ha segnato consegnato ma non ho ricevuto nulla. Ho scritto e sto ancora aspettando.,logistica_consegna
REC-1271,2026-05-04,trustpilot,SKU-101,Succhia-clitoride Aurora,succhia-clitoride,2,Il Succhia-clitoride Aurora si può usare con un lubrificante al silicone o rovina il materiale?,uso_prodotto
REC-1272,2026-08-28,trustpilot,SKU-101,Succhia-clitoride Aurora,succhia-clitoride,5,"Buongiorno, materiale piacevole, ricarica veloce, tutto come promesso.",feedback_positivo
REC-1273,2026-05-25,sito,SKU-104,Vibratore per coppie Duo App,coppie-app,2,"Ciao, la cinghia del Vibratore per coppie Duo App si è strappata la seconda volta che l'ho usato.",difetto_prodotto
REC-1274,2026-04-02,sito,SKU-101,Succhia-clitoride Aurora,succhia-clitoride,1,"Dopo tre settimane il Succhia-clitoride Aurora non si accende più, la base magnetica non aggancia bene.",difetto_batteria
REC-1275,2026-09-03,trustpilot,SKU-104,Vibratore per coppie Duo App,coppie-app,4,Le foto del Vibratore per coppie Duo App non rendono l'idea del colore vero.,informazione_scheda
REC-1276,2026-06-16,sito,SKU-101,Succhia-clitoride Aurora,succhia-clitoride,5,"Materiale piacevole, ricarica veloce, tutto come promesso.",feedback_positivo
REC-1277,2026-05-23,sito,SKU-102,Vibratore Rabbit Nova,vibratori,2,"Ciao, non riesco a scaricare la fattura dall'area personale.",promo_ordini
REC-1278,2026-05-30,sito,SKU-112,Body in pizzo Luce,lingerie,3,"Doppia scatola e nessun riferimento al contenuto, per me è fondamentale visto che vivo con i miei.",imballo_privacy
REC-1279,2026-08-14,trustpilot,SKU-104,Vibratore per coppie Duo App,coppie-app,5,finalmente un negozio italiano serio su questo tema. Il Vibratore per coppie Duo App è di qualità alta.,feedback_positivo
REC-1280,2026-08-26,sito,SKU-108,Dildo in silicone Onda,dildo,4,"manca l'indicazione del materiale nella scheda del Dildo in silicone Onda, ho dovuto scrivervi per saperlo.",informazione_scheda
REC-1281,2026-05-23,sito,SKU-109,Palline vaginali Kegel Set,palline,5,"Ottimo acquisto, il Palline vaginali Kegel Set è silenzioso e ben rifinito. Consigliatissimo.",feedback_positivo
REC-1282,2026-07-23,sito,SKU-105,Anello fallico Orbit,per-lui,3,Avevo diritto al Bonus Goduria ma non capisco come si richiede.,promo_ordini
REC-1283,2026-07-09,sito,SKU-101,Succhia-clitoride Aurora,succhia-clitoride,2,"Buonasera, il corriere ha segnato consegnato ma non ho ricevuto nulla. Ho scritto e sto ancora aspettando.",logistica_consegna
REC-1284,2026-08-06,sito,SKU-103,Wand massaggiante Vela,wand,2,Si scarica molto più in fretta di quanto dichiarato nella scheda. Parlavate di due ore.,difetto_batteria
REC-1285,2026-08-07,sito,SKU-103,Wand massaggiante Vela,wand,5,Il Wand massaggiante Vela vale ogni euro speso. Comprerò ancora da voi.,feedback_positivo
REC-1286,2026-04-20,trustpilot,SKU-102,Vibratore Rabbit Nova,vibratori,5,"Prodotto arrivato in due giorni, imballo perfetto e anonimo. Sono molto soddisfatta.",feedback_positivo
REC-1287,2026-07-06,sito,SKU-110,Lubrificante base acqua Fresh 100ml,lubrificanti,5,"Buongiorno, ottimo acquisto, il Lubrificante base acqua Fresh 100ml è silenzioso e ben rifinito. Consigliatissimo.",feedback_positivo
REC-1288,2026-06-26,trustpilot,SKU-109,Palline vaginali Kegel Set,palline,3,"Buonasera, nella scheda del Palline vaginali Kegel Set non sono indicate le dimensioni reali, dal vivo è molto più grande.",informazione_scheda
REC-1289,2026-08-19,sito,SKU-108,Dildo in silicone Onda,dildo,5,Finalmente un negozio italiano serio su questo tema. Il Dildo in silicone Onda è di qualità alta.,feedback_positivo
REC-1290,2026-08-12,sito,SKU-101,Succhia-clitoride Aurora,succhia-clitoride,1,Il Succhia-clitoride Aurora doveva essere impermeabile e invece dopo averlo sciacquato ha iniziato a fare le bizze.,difetto_prodotto
REC-1291,2026-09-04,sito,SKU-109,Palline vaginali Kegel Set,palline,2,"Buonasera, ordine diviso in due spedizioni senza avvisarmi, ho ricevuto solo metà di quello che ho pagato.",logistica_consegna
REC-1292,2026-04-28,sito,SKU-107,Kit plug progressivo,anale,3,"Confezione curata, si capisce che ci avete pensato. Il packaging è anche bello da vedere.",imballo_privacy
REC-1293,2026-05-14,sito,SKU-104,Vibratore per coppie Duo App,coppie-app,2,come faccio a capire se il Vibratore per coppie Duo App è completamente carico? La spia lampeggia e basta.,uso_prodotto
REC-1294,2026-08-07,sito,SKU-110,Lubrificante base acqua Fresh 100ml,lubrificanti,2,"Ciao, ho ordinato durante la promozione e mi è stato addebitato il prezzo pieno.",promo_ordini
REC-1295,2026-09-18,sito,SKU-105,Anello fallico Orbit,per-lui,5,"Ottimo acquisto, il Anello fallico Orbit è silenzioso e ben rifinito. Consigliatissimo.",feedback_positivo
REC-1296,2026-08-29,sito,SKU-103,Wand massaggiante Vela,wand,1,"La ricarica magnetica si stacca al minimo movimento, è impossibile lasciarlo in carica.",difetto_batteria
REC-1297,2026-08-25,trustpilot,SKU-103,Wand massaggiante Vela,wand,3,il Wand massaggiante Vela si spegne da solo a metà utilizzo anche se la spia dice che è carico.,difetto_batteria
REC-1298,2026-06-13,trustpilot,SKU-104,Vibratore per coppie Duo App,coppie-app,2,"Buongiorno, il Vibratore per coppie Duo App ha un odore di plastica molto forte appena aperto, non me lo aspettavo da un silicone medicale.",difetto_prodotto
REC-1299,2026-09-09,sito,SKU-107,Kit plug progressivo,anale,1,"Ho chiesto il reso del Kit plug progressivo venti giorni fa, il rimborso non è ancora arrivato.",reso_rimborso
REC-1300,2026-07-02,trustpilot,SKU-110,Lubrificante base acqua Fresh 100ml,lubrificanti,2,Sulla scheda del Lubrificante base acqua Fresh 100ml non è chiaro cosa sia incluso nella confezione.,informazione_scheda
REC-1301,2026-06-24,sito,SKU-111,Kit bondage Soft Start,bdsm,1,il corriere ha segnato consegnato ma non ho ricevuto nulla. Ho scritto e sto ancora aspettando.,logistica_consegna
REC-1302,2026-09-05,sito,SKU-103,Wand massaggiante Vela,wand,1,"Salve, il Wand massaggiante Vela risulta consegnato al vicino ma nessuno mi ha avvisato, l'ho scoperto per caso.",logistica_consegna
REC-1303,2026-05-29,trustpilot,SKU-107,Kit plug progressivo,anale,5,Finalmente un negozio italiano serio su questo tema. Il Kit plug progressivo è di qualità alta.,feedback_positivo
REC-1304,2026-04-16,trustpilot,SKU-111,Kit bondage Soft Start,bdsm,5,"servizio impeccabile dall'ordine alla consegna, e il Kit bondage Soft Start ha superato le aspettative.",feedback_positivo
REC-1305,2026-05-12,trustpilot,SKU-102,Vibratore Rabbit Nova,vibratori,2,"Salve, reso rifiutato perché la confezione era aperta, ma come faccio a capire se il prodotto va bene senza aprirlo?",reso_rimborso
REC-1306,2026-08-11,trustpilot,SKU-111,Kit bondage Soft Start,bdsm,5,"comprato per curiosità, tornata per la seconda volta. Il Kit bondage Soft Start è ottimo.",feedback_positivo
REC-1307,2026-08-22,trustpilot,SKU-108,Dildo in silicone Onda,dildo,5,Il Dildo in silicone Onda vale ogni euro speso. Comprerò ancora da voi.,feedback_positivo
REC-1308,2026-08-31,sito,SKU-104,Vibratore per coppie Duo App,coppie-app,2,"Uno dei pulsanti del Vibratore per coppie Duo App non risponde, devo premerlo cinque volte.",difetto_prodotto
REC-1309,2026-05-05,sito,SKU-104,Vibratore per coppie Duo App,coppie-app,3,"Il Vibratore per coppie Duo App ha un odore di plastica molto forte appena aperto, non me lo aspettavo da un silicone medicale.",difetto_prodotto
REC-1310,2026-07-05,sito,SKU-108,Dildo in silicone Onda,dildo,2,"Ciao, ordine diviso in due spedizioni senza avvisarmi, ho ricevuto solo metà di quello che ho pagato.",logistica_consegna
REC-1311,2026-06-24,sito,SKU-101,Succhia-clitoride Aurora,succhia-clitoride,3,"Salve, avevo diritto al Bonus Goduria ma non capisco come si richiede.",promo_ordini
REC-1312,2026-07-09,sito,SKU-102,Vibratore Rabbit Nova,vibratori,1,"Buongiorno, il cavo di ricarica in dotazione ha smesso di funzionare quasi subito.",difetto_batteria
REC-1313,2026-04-07,trustpilot,SKU-108,Dildo in silicone Onda,dildo,2,il Dildo in silicone Onda doveva essere impermeabile e invece dopo averlo sciacquato ha iniziato a fare le bizze.,difetto_prodotto
REC-1314,2026-07-27,sito,SKU-109,Palline vaginali Kegel Set,palline,3,"Imballaggio davvero discreto, sulla scatola non c'è scritto niente. Su questo siete impeccabili.",imballo_privacy
REC-1315,2026-04-03,trustpilot,SKU-103,Wand massaggiante Vela,wand,1,"consegna prevista in 48 ore, ne sono passate 96. Il prodotto mi serviva per un regalo.",logistica_consegna
REC-1316,2026-07-16,trustpilot,SKU-108,Dildo in silicone Onda,dildo,5,Ho chiesto se il nome che compare sulla carta è riconoscibile e non ho avuto risposta chiara.,imballo_privacy
REC-1317,2026-06-09,sito,SKU-101,Succhia-clitoride Aurora,succhia-clitoride,5,"Prodotto arrivato in due giorni, imballo perfetto e anonimo. Sono molto soddisfatta.",feedback_positivo
REC-1318,2026-06-08,sito,SKU-103,Wand massaggiante Vela,wand,1,Seconda volta che un vostro ordine arriva in ritardo. La prima l'ho lasciata correre.,logistica_consegna
REC-1319,2026-05-28,sito,SKU-112,Body in pizzo Luce,lingerie,2,"Ciao, ordine diviso in due spedizioni senza avvisarmi, ho ricevuto solo metà di quello che ho pagato.",logistica_consegna
REC-1320,2026-09-21,trustpilot,SKU-103,Wand massaggiante Vela,wand,2,Il Wand massaggiante Vela si spegne da solo a metà utilizzo anche se la spia dice che è carico.,difetto_batteria
REC-1321,2026-05-08,sito,SKU-103,Wand massaggiante Vela,wand,2,"Salve, pacco bloccato in transito da sei giorni, nessuno mi sa dire nulla.",logistica_consegna
REC-1322,2026-07-02,sito,SKU-106,Masturbatore Echo,per-lui,1,"Il Masturbatore Echo è arrivato con un difetto sul silicone, c'era proprio un taglio.",difetto_prodotto
REC-1323,2026-09-16,trustpilot,SKU-104,Vibratore per coppie Duo App,coppie-app,3,l'app si disconnette in continuazione quando lo controllo a distanza. È normale?,uso_prodotto
REC-1324,2026-05-13,trustpilot,SKU-104,Vibratore per coppie Duo App,coppie-app,3,Qual è il modo corretto di pulire il Vibratore per coppie Duo App? Posso usare acqua e sapone o serve un detergente apposta?,uso_prodotto
REC-1325,2026-04-23,sito,SKU-101,Succhia-clitoride Aurora,succhia-clitoride,1,"Consegna prevista in 48 ore, ne sono passate 96. Il prodotto mi serviva per un regalo.",logistica_consegna
REC-1326,2026-06-10,sito,SKU-102,Vibratore Rabbit Nova,vibratori,1,Ho ricevuto un prodotto diverso da quello ordinato e mi tocca pagare io la spedizione del reso.,reso_rimborso
REC-1327,2026-06-12,sito,SKU-108,Dildo in silicone Onda,dildo,3,"Ho ricevuto una risposta chiara e senza giudizio, e per un acquisto del genere conta parecchio.",assistenza
REC-1328,2026-06-22,trustpilot,SKU-103,Wand massaggiante Vela,wand,1,"Buongiorno, procedura di reso poco chiara, sul sito non si capisce cosa si può restituire e cosa no.",reso_rimborso
REC-1329,2026-06-27,trustpilot,SKU-112,Body in pizzo Luce,lingerie,5,"Servizio impeccabile dall'ordine alla consegna, e il Body in pizzo Luce ha superato le aspettative.",feedback_positivo
REC-1330,2026-07-31,sito,SKU-109,Palline vaginali Kegel Set,palline,1,"Reso rifiutato perché la confezione era aperta, ma come faccio a capire se il prodotto va bene senza aprirlo?",reso_rimborso
REC-1331,2026-04-30,sito,SKU-106,Masturbatore Echo,per-lui,5,"Prodotto arrivato in due giorni, imballo perfetto e anonimo. Sono molto soddisfatta.",feedback_positivo
REC-1332,2026-07-06,sito,SKU-101,Succhia-clitoride Aurora,succhia-clitoride,2,"Ho chiesto il reso del Succhia-clitoride Aurora venti giorni fa, il rimborso non è ancora arrivato.",reso_rimborso
REC-1333,2026-09-19,sito,SKU-110,Lubrificante base acqua Fresh 100ml,lubrificanti,2,Spedizione in ritardo di oltre una settimana rispetto a quanto indicato in fase di acquisto.,logistica_consegna
REC-1334,2026-04-10,sito,SKU-105,Anello fallico Orbit,per-lui,3,Vivo in condivisione e la discrezione era il motivo per cui ho scelto voi: promessa mantenuta.,imballo_privacy
REC-1335,2026-08-22,trustpilot,SKU-110,Lubrificante base acqua Fresh 100ml,lubrificanti,1,"mi è arrivato già usato, la confezione era chiaramente stata aperta.",difetto_prodotto
REC-1336,2026-05-12,sito,SKU-103,Wand massaggiante Vela,wand,5,"Prodotto arrivato in due giorni, imballo perfetto e anonimo. Sono molto soddisfatta.",feedback_positivo
REC-1337,2026-09-19,sito,SKU-111,Kit bondage Soft Start,bdsm,2,"Nella scheda del Kit bondage Soft Start non sono indicate le dimensioni reali, dal vivo è molto più grande.",informazione_scheda
REC-1338,2026-08-10,sito,SKU-105,Anello fallico Orbit,per-lui,5,"Buonasera, però sull'estratto conto compare un nome che si capisce benissimo cosa sia. Sul sito dite il contrario.",imballo_privacy
REC-1339,2026-04-16,sito,SKU-108,Dildo in silicone Onda,dildo,5,"Ottimo acquisto, il Dildo in silicone Onda è silenzioso e ben rifinito. Consigliatissimo.",feedback_positivo
REC-1340,2026-09-09,sito,SKU-108,Dildo in silicone Onda,dildo,1,Il Dildo in silicone Onda ha smesso di vibrare dopo pochi utilizzi.,difetto_prodotto
REC-1341,2026-09-21,trustpilot,SKU-106,Masturbatore Echo,per-lui,5,Il Masturbatore Echo vale ogni euro speso. Comprerò ancora da voi.,feedback_positivo
REC-1342,2026-09-05,sito,SKU-108,Dildo in silicone Onda,dildo,1,"pacco bloccato in transito da sei giorni, nessuno mi sa dire nulla.",logistica_consegna
REC-1343,2026-05-21,sito,SKU-112,Body in pizzo Luce,lingerie,1,"Salve, ho pagato la spedizione express e è arrivato con gli stessi tempi di quella standard.",logistica_consegna
REC-1344,2026-07-10,sito,SKU-101,Succhia-clitoride Aurora,succhia-clitoride,2,Il corriere ha segnato consegnato ma non ho ricevuto nulla. Ho scritto e sto ancora aspettando.,logistica_consegna
REC-1345,2026-08-22,trustpilot,SKU-101,Succhia-clitoride Aurora,succhia-clitoride,3,Si scarica molto più in fretta di quanto dichiarato nella scheda. Parlavate di due ore.,difetto_batteria
REC-1346,2026-07-12,sito,SKU-108,Dildo in silicone Onda,dildo,5,"ottimo acquisto, il Dildo in silicone Onda è silenzioso e ben rifinito. Consigliatissimo.",feedback_positivo
REC-1347,2026-03-26,sito,SKU-104,Vibratore per coppie Duo App,coppie-app,1,"Salve, il corriere ha segnato consegnato ma non ho ricevuto nulla. Ho scritto e sto ancora aspettando.",logistica_consegna
REC-1348,2026-08-13,sito,SKU-104,Vibratore per coppie Duo App,coppie-app,2,La cinghia del Vibratore per coppie Duo App si è strappata la seconda volta che l'ho usato.,difetto_prodotto
REC-1349,2026-07-08,sito,SKU-104,Vibratore per coppie Duo App,coppie-app,1,Seconda volta che un vostro ordine arriva in ritardo. La prima l'ho lasciata correre.,logistica_consegna
REC-1350,2026-07-18,sito,SKU-112,Body in pizzo Luce,lingerie,3,Le foto del Body in pizzo Luce non rendono l'idea del colore vero.,informazione_scheda
REC-1351,2026-08-21,sito,SKU-102,Vibratore Rabbit Nova,vibratori,3,Si scarica molto più in fretta di quanto dichiarato nella scheda. Parlavate di due ore.,difetto_batteria
REC-1352,2026-06-16,sito,SKU-112,Body in pizzo Luce,lingerie,5,"Buonasera, servizio impeccabile dall'ordine alla consegna, e il Body in pizzo Luce ha superato le aspettative.",feedback_positivo
REC-1353,2026-08-08,sito,SKU-112,Body in pizzo Luce,lingerie,5,"Prodotto arrivato in due giorni, imballo perfetto e anonimo. Sono molto soddisfatta.",feedback_positivo
REC-1354,2026-05-02,trustpilot,SKU-102,Vibratore Rabbit Nova,vibratori,2,"Procedura di reso poco chiara, sul sito non si capisce cosa si può restituire e cosa no.",reso_rimborso
REC-1355,2026-07-27,sito,SKU-102,Vibratore Rabbit Nova,vibratori,5,"Buonasera, servizio impeccabile dall'ordine alla consegna, e il Vibratore Rabbit Nova ha superato le aspettative.",feedback_positivo
REC-1356,2026-04-15,sito,SKU-111,Kit bondage Soft Start,bdsm,2,"Ordine diviso in due spedizioni senza avvisarmi, ho ricevuto solo metà di quello che ho pagato.",logistica_consegna
REC-1357,2026-04-06,trustpilot,SKU-111,Kit bondage Soft Start,bdsm,5,"Comprato per curiosità, tornata per la seconda volta. Il Kit bondage Soft Start è ottimo.",feedback_positivo
REC-1358,2026-06-12,sito,SKU-104,Vibratore per coppie Duo App,coppie-app,1,"Vorrei sostituire il Vibratore per coppie Duo App con un modello diverso, ma non trovo da nessuna parte come si fa il cambio.",reso_rimborso
REC-1359,2026-07-28,sito,SKU-110,Lubrificante base acqua Fresh 100ml,lubrificanti,5,"Servizio impeccabile dall'ordine alla consegna, e il Lubrificante base acqua Fresh 100ml ha superato le aspettative.",feedback_positivo
REC-1360,2026-07-07,sito,SKU-104,Vibratore per coppie Duo App,coppie-app,2,"Buonasera, mi è arrivato già usato, la confezione era chiaramente stata aperta.",difetto_prodotto
REC-1361,2026-07-26,trustpilot,SKU-110,Lubrificante base acqua Fresh 100ml,lubrificanti,2,"Mi avevano promesso il rimborso via mail, da allora silenzio totale.",reso_rimborso
REC-1362,2026-04-28,sito,SKU-106,Masturbatore Echo,per-lui,4,"Buongiorno, il Masturbatore Echo ha un blocco tasti? Mi si accende da solo in borsa.",uso_prodotto
REC-1363,2026-04-20,trustpilot,SKU-110,Lubrificante base acqua Fresh 100ml,lubrificanti,5,"Il Lubrificante base acqua Fresh 100ml è esattamente come lo descrivete, qualità ottima e spedizione velocissima.",feedback_positivo
REC-1364,2026-06-26,sito,SKU-104,Vibratore per coppie Duo App,coppie-app,5,"Comprato per curiosità, tornata per la seconda volta. Il Vibratore per coppie Duo App è ottimo.",feedback_positivo
REC-1365,2026-07-13,sito,SKU-104,Vibratore per coppie Duo App,coppie-app,5,"Sarebbe bello avere una guida ai materiali, ogni volta mi perdo tra silicone, ABS e TPE.",corsi_contenuti
REC-1366,2026-05-17,trustpilot,SKU-112,Body in pizzo Luce,lingerie,2,"Consegna prevista in 48 ore, ne sono passate 96. Il prodotto mi serviva per un regalo.",logistica_consegna
REC-1367,2026-04-03,trustpilot,SKU-104,Vibratore per coppie Duo App,coppie-app,1,"La ricarica magnetica si stacca al minimo movimento, è impossibile lasciarlo in carica.",difetto_batteria
REC-1368,2026-08-09,trustpilot,SKU-103,Wand massaggiante Vela,wand,3,"Dopo tre settimane il Wand massaggiante Vela non si accende più, la base magnetica non aggancia bene.",difetto_batteria
REC-1369,2026-09-07,sito,SKU-104,Vibratore per coppie Duo App,coppie-app,5,"Ciao, servizio impeccabile dall'ordine alla consegna, e il Vibratore per coppie Duo App ha superato le aspettative.",feedback_positivo
REC-1370,2026-03-31,sito,SKU-103,Wand massaggiante Vela,wand,1,"Mi avevano promesso il rimborso via mail, da allora silenzio totale.",reso_rimborso
REC-1371,2026-03-29,trustpilot,SKU-109,Palline vaginali Kegel Set,palline,2,"Ho chiesto il reso del Palline vaginali Kegel Set venti giorni fa, il rimborso non è ancora arrivato.",reso_rimborso
REC-1372,2026-08-17,sito,SKU-112,Body in pizzo Luce,lingerie,1,"Mi avevano promesso il rimborso via mail, da allora silenzio totale.",reso_rimborso
REC-1373,2026-04-05,trustpilot,SKU-111,Kit bondage Soft Start,bdsm,2,"molto più rumoroso di quanto immaginassi, si sente da fuori dalla stanza.",difetto_prodotto
REC-1374,2026-07-10,sito,SKU-112,Body in pizzo Luce,lingerie,2,"sarebbe utile indicare quanti decibel fa il Body in pizzo Luce, la rumorosità non è scritta da nessuna parte.",informazione_scheda
REC-1375,2026-08-25,sito,SKU-104,Vibratore per coppie Duo App,coppie-app,1,"Ho scritto su Instagram e mi hanno detto di mandare una mail, ho mandato la mail e nessuno risponde.",assistenza
REC-1376,2026-04-30,sito,SKU-104,Vibratore per coppie Duo App,coppie-app,5,"Materiale piacevole, ricarica veloce, tutto come promesso.",feedback_positivo
REC-1377,2026-09-01,sito,SKU-104,Vibratore per coppie Duo App,coppie-app,5,"Materiale piacevole, ricarica veloce, tutto come promesso.",feedback_positivo
REC-1378,2026-05-20,sito,SKU-104,Vibratore per coppie Duo App,coppie-app,5,"materiale piacevole, ricarica veloce, tutto come promesso.",feedback_positivo
REC-1379,2026-04-18,sito,SKU-111,Kit bondage Soft Start,bdsm,3,"Ho scritto su Instagram e mi hanno detto di mandare una mail, ho mandato la mail e nessuno risponde.",assistenza
REC-1380,2026-09-15,trustpilot,SKU-103,Wand massaggiante Vela,wand,2,"procedura di reso poco chiara, sul sito non si capisce cosa si può restituire e cosa no.",reso_rimborso
REC-1381,2026-08-10,trustpilot,SKU-111,Kit bondage Soft Start,bdsm,2,"Buonasera, il Kit bondage Soft Start risulta consegnato al vicino ma nessuno mi ha avvisato, l'ho scoperto per caso.",logistica_consegna
REC-1382,2026-07-26,sito,SKU-106,Masturbatore Echo,per-lui,2,"Consegna prevista in 48 ore, ne sono passate 96. Il prodotto mi serviva per un regalo.",logistica_consegna
REC-1383,2026-09-08,trustpilot,SKU-104,Vibratore per coppie Duo App,coppie-app,4,"manca l'indicazione del materiale nella scheda del Vibratore per coppie Duo App, ho dovuto scrivervi per saperlo.",informazione_scheda
REC-1384,2026-05-19,trustpilot,SKU-104,Vibratore per coppie Duo App,coppie-app,2,Ordinato il 19/05 e dopo dieci giorni il pacco non è ancora arrivato. Il tracking è fermo da una settimana.,logistica_consegna
REC-1385,2026-03-30,sito,SKU-103,Wand massaggiante Vela,wand,2,"Salve, il Wand massaggiante Vela è arrivato con un difetto sul silicone, c'era proprio un taglio.",difetto_prodotto
REC-1386,2026-05-23,sito,SKU-108,Dildo in silicone Onda,dildo,5,"Buonasera, il Dildo in silicone Onda è esattamente come lo descrivete, qualità ottima e spedizione velocissima.",feedback_positivo
REC-1387,2026-07-12,sito,SKU-103,Wand massaggiante Vela,wand,3,"Buongiorno, sulla scheda del Wand massaggiante Vela non è chiaro cosa sia incluso nella confezione.",informazione_scheda
REC-1388,2026-09-20,trustpilot,SKU-108,Dildo in silicone Onda,dildo,2,"Risposte vaghe, copiate e incollate, che non risolvono il problema.",assistenza
REC-1389,2026-05-01,sito,SKU-108,Dildo in silicone Onda,dildo,2,Ordinato il 01/05 e dopo dieci giorni il pacco non è ancora arrivato. Il tracking è fermo da una settimana.,logistica_consegna
REC-1390,2026-05-28,sito,SKU-109,Palline vaginali Kegel Set,palline,5,"Comprato per curiosità, tornata per la seconda volta. Il Palline vaginali Kegel Set è ottimo.",feedback_positivo
REC-1391,2026-09-02,sito,SKU-110,Lubrificante base acqua Fresh 100ml,lubrificanti,3,Il prezzo in newsletter era diverso da quello sul sito al momento dell'acquisto.,promo_ordini
REC-1392,2026-04-29,sito,SKU-110,Lubrificante base acqua Fresh 100ml,lubrificanti,3,"Uno dei pulsanti del Lubrificante base acqua Fresh 100ml non risponde, devo premerlo cinque volte.",difetto_prodotto
REC-1393,2026-05-10,sito,SKU-106,Masturbatore Echo,per-lui,1,"Reso rifiutato perché la confezione era aperta, ma come faccio a capire se il prodotto va bene senza aprirlo?",reso_rimborso
REC-1394,2026-09-01,sito,SKU-106,Masturbatore Echo,per-lui,5,"materiale piacevole, ricarica veloce, tutto come promesso.",feedback_positivo
REC-1395,2026-06-02,sito,SKU-110,Lubrificante base acqua Fresh 100ml,lubrificanti,1,"Tracking mai aggiornato, non ho idea di dove sia il mio ordine. Un po' di trasparenza in più non guasterebbe.",logistica_consegna
REC-1396,2026-08-25,sito,SKU-109,Palline vaginali Kegel Set,palline,2,"Ciao, ho ordinato durante la promozione e mi è stato addebitato il prezzo pieno.",promo_ordini
REC-1397,2026-05-04,sito,SKU-102,Vibratore Rabbit Nova,vibratori,3,Il cavo di ricarica in dotazione ha smesso di funzionare quasi subito.,difetto_batteria
REC-1398,2026-04-02,sito,SKU-107,Kit plug progressivo,anale,5,"prodotto arrivato in due giorni, imballo perfetto e anonimo. Sono molto soddisfatta.",feedback_positivo
REC-1399,2026-03-31,sito,SKU-108,Dildo in silicone Onda,dildo,1,"Procedura di reso poco chiara, sul sito non si capisce cosa si può restituire e cosa no.",reso_rimborso
REC-1400,2026-06-19,sito,SKU-103,Wand massaggiante Vela,wand,1,"Il Wand massaggiante Vela è arrivato con un difetto sul silicone, c'era proprio un taglio.",difetto_prodotto
REC-1401,2026-03-27,sito,SKU-101,Succhia-clitoride Aurora,succhia-clitoride,5,"Il Succhia-clitoride Aurora è esattamente come lo descrivete, qualità ottima e spedizione velocissima.",feedback_positivo
REC-1402,2026-08-31,trustpilot,SKU-107,Kit plug progressivo,anale,5,Il Kit plug progressivo vale ogni euro speso. Comprerò ancora da voi.,feedback_positivo
REC-1403,2026-06-21,sito,SKU-103,Wand massaggiante Vela,wand,1,"Assistenza clienti davvero impeccabile, mi hanno risposto in mezza giornata e risolto tutto.",assistenza
REC-1404,2026-06-19,sito,SKU-104,Vibratore per coppie Duo App,coppie-app,3,"Sarebbe utile indicare quanti decibel fa il Vibratore per coppie Duo App, la rumorosità non è scritta da nessuna parte.",informazione_scheda
REC-1405,2026-06-24,sito,SKU-110,Lubrificante base acqua Fresh 100ml,lubrificanti,5,"imballaggio davvero discreto, sulla scatola non c'è scritto niente. Su questo siete impeccabili.",imballo_privacy
REC-1406,2026-06-24,sito,SKU-105,Anello fallico Orbit,per-lui,5,"ottimo acquisto, il Anello fallico Orbit è silenzioso e ben rifinito. Consigliatissimo.",feedback_positivo
REC-1407,2026-08-25,sito,SKU-108,Dildo in silicone Onda,dildo,5,"Ciao, il Dildo in silicone Onda è esattamente come lo descrivete, qualità ottima e spedizione velocissima.",feedback_positivo
REC-1408,2026-04-25,sito,SKU-103,Wand massaggiante Vela,wand,3,"Ho ricevuto una risposta chiara e senza giudizio, e per un acquisto del genere conta parecchio.",assistenza
REC-1409,2026-06-27,sito,SKU-101,Succhia-clitoride Aurora,succhia-clitoride,3,Come si carica il Succhia-clitoride Aurora? Nella confezione non c'era nessun foglietto di istruzioni.,uso_prodotto
REC-1410,2026-08-07,sito,SKU-102,Vibratore Rabbit Nova,vibratori,4,Ho scritto due volte all'assistenza e non ho ricevuto nessuna risposta.,assistenza
REC-1411,2026-05-31,trustpilot,SKU-112,Body in pizzo Luce,lingerie,4,Le foto del Body in pizzo Luce non rendono l'idea del colore vero.,informazione_scheda
REC-1412,2026-07-05,sito,SKU-101,Succhia-clitoride Aurora,succhia-clitoride,1,Il cavo di ricarica in dotazione ha smesso di funzionare quasi subito.,difetto_batteria
REC-1413,2026-05-26,sito,SKU-112,Body in pizzo Luce,lingerie,5,"comprato per curiosità, tornata per la seconda volta. Il Body in pizzo Luce è ottimo.",feedback_positivo
REC-1414,2026-05-22,sito,SKU-110,Lubrificante base acqua Fresh 100ml,lubrificanti,1,"Buongiorno, consegna prevista in 48 ore, ne sono passate 96. Il prodotto mi serviva per un regalo.",logistica_consegna
REC-1415,2026-06-16,trustpilot,SKU-105,Anello fallico Orbit,per-lui,2,"mi avevano promesso il rimborso via mail, da allora silenzio totale.",reso_rimborso
REC-1416,2026-09-14,trustpilot,SKU-112,Body in pizzo Luce,lingerie,1,"Molto più rumoroso di quanto immaginassi, si sente da fuori dalla stanza.",difetto_prodotto
REC-1417,2026-04-29,sito,SKU-111,Kit bondage Soft Start,bdsm,3,"Ho ricevuto una risposta chiara e senza giudizio, e per un acquisto del genere conta parecchio.",assistenza
REC-1418,2026-04-01,trustpilot,SKU-102,Vibratore Rabbit Nova,vibratori,4,"Ciao, non si capisce dalla descrizione se il Vibratore Rabbit Nova è ricaricabile o va a pile.",informazione_scheda
REC-1419,2026-05-05,sito,SKU-103,Wand massaggiante Vela,wand,4,Non si capisce dalla descrizione se il Wand massaggiante Vela è ricaricabile o va a pile.,informazione_scheda
REC-1420,2026-05-17,sito,SKU-108,Dildo in silicone Onda,dildo,1,"Consegna prevista in 48 ore, ne sono passate 96. Il prodotto mi serviva per un regalo.",logistica_consegna
REC-1421,2026-08-01,sito,SKU-103,Wand massaggiante Vela,wand,5,"Buonasera, i vostri articoli sono l'unica cosa in italiano che spieghi certe cose senza fare i moralisti.",corsi_contenuti
REC-1422,2026-04-25,trustpilot,SKU-103,Wand massaggiante Vela,wand,2,"Ciao, pacco bloccato in transito da sei giorni, nessuno mi sa dire nulla.",logistica_consegna
REC-1423,2026-06-27,sito,SKU-111,Kit bondage Soft Start,bdsm,3,"Salve, vivo in condivisione e la discrezione era il motivo per cui ho scelto voi: promessa mantenuta.",imballo_privacy
REC-1424,2026-06-24,sito,SKU-110,Lubrificante base acqua Fresh 100ml,lubrificanti,3,"Uno dei pulsanti del Lubrificante base acqua Fresh 100ml non risponde, devo premerlo cinque volte.",difetto_prodotto
REC-1425,2026-07-03,sito,SKU-108,Dildo in silicone Onda,dildo,2,Spedizione in ritardo di oltre una settimana rispetto a quanto indicato in fase di acquisto.,logistica_consegna
REC-1426,2026-07-16,sito,SKU-111,Kit bondage Soft Start,bdsm,2,"Buongiorno, molto più rumoroso di quanto immaginassi, si sente da fuori dalla stanza.",difetto_prodotto
REC-1427,2026-05-17,sito,SKU-105,Anello fallico Orbit,per-lui,1,Seconda volta che un vostro ordine arriva in ritardo. La prima l'ho lasciata correre.,logistica_consegna
REC-1428,2026-09-02,sito,SKU-101,Succhia-clitoride Aurora,succhia-clitoride,2,il prezzo in newsletter era diverso da quello sul sito al momento dell'acquisto.,promo_ordini
REC-1429,2026-04-11,sito,SKU-109,Palline vaginali Kegel Set,palline,5,"Servizio impeccabile dall'ordine alla consegna, e il Palline vaginali Kegel Set ha superato le aspettative.",feedback_positivo
REC-1430,2026-09-16,sito,SKU-112,Body in pizzo Luce,lingerie,5,"Comprato per curiosità, tornata per la seconda volta. Il Body in pizzo Luce è ottimo.",feedback_positivo
REC-1431,2026-08-31,sito,SKU-101,Succhia-clitoride Aurora,succhia-clitoride,5,Finalmente un negozio italiano serio su questo tema. Il Succhia-clitoride Aurora è di qualità alta.,feedback_positivo
REC-1432,2026-05-27,sito,SKU-105,Anello fallico Orbit,per-lui,5,Il video corso è ottimo ma la piattaforma è scomoda da usare da telefono.,corsi_contenuti
REC-1433,2026-06-08,trustpilot,SKU-101,Succhia-clitoride Aurora,succhia-clitoride,2,Il Succhia-clitoride Aurora doveva essere impermeabile e invece dopo averlo sciacquato ha iniziato a fare le bizze.,difetto_prodotto
REC-1434,2026-07-31,sito,SKU-103,Wand massaggiante Vela,wand,5,"Buongiorno, il Wand massaggiante Vela è esattamente come lo descrivete, qualità ottima e spedizione velocissima.",feedback_positivo
REC-1435,2026-04-25,sito,SKU-111,Kit bondage Soft Start,bdsm,2,"Il Kit bondage Soft Start risulta consegnato al vicino ma nessuno mi ha avvisato, l'ho scoperto per caso.",logistica_consegna
REC-1436,2026-05-23,trustpilot,SKU-112,Body in pizzo Luce,lingerie,5,"Servizio impeccabile dall'ordine alla consegna, e il Body in pizzo Luce ha superato le aspettative.",feedback_positivo
REC-1437,2026-07-13,sito,SKU-109,Palline vaginali Kegel Set,palline,2,"Vorrei sostituire il Palline vaginali Kegel Set con un modello diverso, ma non trovo da nessuna parte come si fa il cambio.",reso_rimborso
REC-1438,2026-05-24,sito,SKU-109,Palline vaginali Kegel Set,palline,5,"Ciao, il Palline vaginali Kegel Set è esattamente come lo descrivete, qualità ottima e spedizione velocissima.",feedback_positivo
REC-1439,2026-04-16,sito,SKU-101,Succhia-clitoride Aurora,succhia-clitoride,1,"Buongiorno, spedizione in ritardo di oltre una settimana rispetto a quanto indicato in fase di acquisto.",logistica_consegna
REC-1440,2026-04-20,sito,SKU-105,Anello fallico Orbit,per-lui,1,"Molto più rumoroso di quanto immaginassi, si sente da fuori dalla stanza.",difetto_prodotto
REC-1441,2026-09-15,trustpilot,SKU-109,Palline vaginali Kegel Set,palline,4,"Assistenza gentile ma non risolutiva, mi hanno rimandato a una pagina che non c'entrava nulla.",assistenza
REC-1442,2026-04-13,trustpilot,SKU-104,Vibratore per coppie Duo App,coppie-app,5,Il video corso è ottimo ma la piattaforma è scomoda da usare da telefono.,corsi_contenuti
REC-1443,2026-08-26,sito,SKU-101,Succhia-clitoride Aurora,succhia-clitoride,3,Il cavo di ricarica in dotazione ha smesso di funzionare quasi subito.,difetto_batteria
REC-1444,2026-07-26,sito,SKU-101,Succhia-clitoride Aurora,succhia-clitoride,4,"Assistenza clienti davvero impeccabile, mi hanno risposto in mezza giornata e risolto tutto.",assistenza
REC-1445,2026-09-15,trustpilot,SKU-102,Vibratore Rabbit Nova,vibratori,2,"Ciao, il Vibratore Rabbit Nova ha un blocco tasti? Mi si accende da solo in borsa.",uso_prodotto
REC-1446,2026-06-06,sito,SKU-106,Masturbatore Echo,per-lui,5,"Ottimo acquisto, il Masturbatore Echo è silenzioso e ben rifinito. Consigliatissimo.",feedback_positivo
REC-1447,2026-07-16,sito,SKU-108,Dildo in silicone Onda,dildo,5,Il Dildo in silicone Onda vale ogni euro speso. Comprerò ancora da voi.,feedback_positivo
REC-1448,2026-05-21,sito,SKU-101,Succhia-clitoride Aurora,succhia-clitoride,5,"Comprato per curiosità, tornata per la seconda volta. Il Succhia-clitoride Aurora è ottimo.",feedback_positivo
REC-1449,2026-04-27,trustpilot,SKU-104,Vibratore per coppie Duo App,coppie-app,2,"Salve, vorrei sostituire il Vibratore per coppie Duo App con un modello diverso, ma non trovo da nessuna parte come si fa il cambio.",reso_rimborso
REC-1450,2026-06-03,trustpilot,SKU-102,Vibratore Rabbit Nova,vibratori,5,"Materiale piacevole, ricarica veloce, tutto come promesso.",feedback_positivo
REC-1451,2026-09-20,sito,SKU-103,Wand massaggiante Vela,wand,2,"Ciao, procedura di reso poco chiara, sul sito non si capisce cosa si può restituire e cosa no.",reso_rimborso
REC-1452,2026-04-01,sito,SKU-108,Dildo in silicone Onda,dildo,5,Il Dildo in silicone Onda vale ogni euro speso. Comprerò ancora da voi.,feedback_positivo
REC-1453,2026-07-24,sito,SKU-110,Lubrificante base acqua Fresh 100ml,lubrificanti,1,"Buonasera, ho scritto due volte all'assistenza e non ho ricevuto nessuna risposta.",assistenza
REC-1454,2026-06-04,trustpilot,SKU-110,Lubrificante base acqua Fresh 100ml,lubrificanti,5,"Ottimo acquisto, il Lubrificante base acqua Fresh 100ml è silenzioso e ben rifinito. Consigliatissimo.",feedback_positivo
REC-1455,2026-08-25,trustpilot,SKU-102,Vibratore Rabbit Nova,vibratori,5,"mi piacerebbe un contenuto che spieghi come scegliere il primo prodotto, non ho trovato nulla del genere.",corsi_contenuti
REC-1456,2026-05-07,sito,SKU-111,Kit bondage Soft Start,bdsm,5,"Buonasera, ottimo acquisto, il Kit bondage Soft Start è silenzioso e ben rifinito. Consigliatissimo.",feedback_positivo
REC-1457,2026-06-25,trustpilot,SKU-101,Succhia-clitoride Aurora,succhia-clitoride,1,Ho dovuto sostituirlo perché la batteria era gonfia. Assistenza gentile ma lentissima.,difetto_batteria
REC-1458,2026-08-08,sito,SKU-112,Body in pizzo Luce,lingerie,3,"Ciao, però sull'estratto conto compare un nome che si capisce benissimo cosa sia. Sul sito dite il contrario.",imballo_privacy
REC-1459,2026-05-03,sito,SKU-107,Kit plug progressivo,anale,5,"Il Kit plug progressivo è esattamente come lo descrivete, qualità ottima e spedizione velocissima.",feedback_positivo
